0,1,2
lists event,ਸੂਚੀ ਘਟਨਾ,soochee ghatna
has program,ਪ੍ਰੋਗਰਾਮ ਹੈ,program hai
listener,ਸਰੋਤਾ,sarota
banquet,ਭੋਜਨ,bhojan
hardcopy of mailing manifests printed by,ਮੇਲ ਮੈਨੀਫੈਸਟਾਂ ਦਾ ਹਾਰਡਕਾਪੀ ਛਾਪਿਆ ਦੁਆਰਾ,mel mainifaisatan da hardkapi chapia duara
is location of,ਸਥਾਨ ਹੈ,sthān hai
has call,ਕਾਲ ਕਰੋ,kaal karo
conference paper,ਕਾਨਫਰੰਸ ਪੇਪਰ,conference paper
volunteer of conference,ਕਾਨਫਰੰਸ ਦਾ ਸਵੈਸੇਵਕ,conference da swaisevak
two level conference,ਦੋ-ਪੱਧਰੀ ਕਾਨਫਰੰਸ,do-paddhri conference
conference restaurant,ਕਾਨਫਰੰਸ ਰੈਸਟੋਰੈਂਟ,conference restaurant
activity taking place during conference,ਕਾਨਫਰੰਸ ਵਿੱਚ ਗਤੀਵਿਧੀ,conference douran hon vali gatividhi
is written by,ਦੁਆਰਾ ਲਿਖਿਆ ਗਿਆ,duara likhya gia
evaluated paper,ਮੁਲਾਂਕਣ ਕੀਤਾ ਪੇਪਰ,mulankhan kita paper
record of attendance,ਹਾਜ਼ਰੀ ਦਾ ਰਿਕਾਰਡ,hazri da record
published paper,ਪ੍ਰਕਾਸ਼ਿਤ ਪੇਪਰ,prakaashit paper
member of iasted,ਆਈਏਐਸਟੀਈਡੀ ਦਾ ਮੈਂਬਰ,AIStiDi da member
stay in city,ਸ਼ਹਿਰ ਵਿੱਚ ਰਹਿਣਾ,shahar vich rehna
state of the presenter,ਪੇਸ਼ਕਾਰ ਦੀ ਸਥਿਤੀ,peshekhar di sthiti
platinum sponzor of conference,ਪਲੈਟੀਨਮ ਸਪਾਂਸਰ ਦੁਆਰਾ,Platinum sponsor dwara
has last name,ਦਾ ਆਖ਼ਰੀ ਨਾਮ ਹੈ,dā ākʰrī nām hai
has reviewer,ਸਮੀਖਿਅਕ ਦੁਆਰਾ,sameekhyak dwaara
computer networks management topic,ਕੰਪਿਊਟਰ ਨੈਟਵਰਕ ਪ੍ਰਬੰਧਨ ਵਿਸ਼ਾ,kampiyutar netavarik prabandhan visha
event on list,ਸੂਚੀ ਵਿਚ ਘਟਨਾ,soochee vich ghatna
expert on topic,ਵਿਸ਼ੇ ਦਾ ਮਾਹਰ,Vishay da Maahir
conference acm sigkdd,ਕਾਨਫਰੰਸ ਏਸੀਐਮ ਸਿਗਕੇਡੀਡੀ,conference ACM SigKDD
cad topic,ਸੀਡੀ ਟਾਪਿਕ,CD topic
is occupied by,ਦੁਆਰਾ ਭਰਿਆ ਹੋਇਆ,duara bharria hoia
committee for best paper awards,ਸਰਵੋਤਮ ਪੇਪਰ ਪੁਰਸਕਾਰ ਲਈ ਕਮੇਟੀ,sarvotam paper pursakar lai komiti
active paper,ਸਰਗਰਮ ਪੇਪਰ,sargarm paper
speaker who presents a tutorial,ਟਿਊਟੋਰੀਅਲ ਪੇਸ਼ਕਾਰ,ਟਿਊਟੋਰੀਅਲ ਪੇਸ਼ਕਾਰ → Tutorial Peskhar
assistant,ਸਹਾਇਕ,sahayak
award for best student paper,ਸਰਵੋਤਮ ਵਿਦਿਆਰਥੀ ਪੇਪਰ ਪੁਰਸਕਾਰ,sarvotam vidyarthi paper pursakar
steering committee,ਨਿਰਦੇਸ਼ਕ ਕਮੇਟੀ,nirdeshak committee
acceptance,ਸਵੀਕ੍ਰਿਤੀ,sweekriti
is workshop chair of,ਵਰਕਸ਼ਾਪ ਚੇਅਰ ਹੈ ਦਾ,workshop chair hai da
follows,ਅਨੁਸਰਣ ਕਰਦਾ ਹੈ,anusrn karda hai
initiates,ਸ਼ੁਰੂ ਕਰਦਾ ਹੈ,shuru karda hai
hotel room,ਹੋਟਲ ਕਮਰਾ,hotel kamra
technically organised by,ਤਕਨੀਕੀ ਤੌਰ 'ਤੇ ਆਯੋਜਿਤ ਕੀਤਾ ਗਿਆ,tanikee taur 'te aayojit keeta gia
student participant of conference,ਕਾਨਫਰੰਸ ਦਾ ਵਿਦਿਆਰਥੀ ਭਾਗੀਦਾਰ,konfrans da vidyaarthi bhaageedaar
free time,ਖਾਲੀ ਸਮਾਂ,khali saman
member of tpc,ਟੀਪੀਸੀ ਦਾ ਮੈਂਬਰ,TPSI da member
late-registered participant,ਦੇਰ ਨਾਲ ਰਜਿਸਟਰਡ,der naal registered
sponzorship,ਸਪਾਂਸਰਸ਼ਿਪ,sponsaraship
preference of reviewer,ਸਮੀਖਿਆਕਾਰ ਦੀ ਤਰਜੀਹ,Sameekhiakar di tarjeeh
has street,ਸਟਰੀਟ ਹੈ,Street hai
part of conference,ਕਾਨਫਰੰਸ ਦਾ ਹਿੱਸਾ,konfrans da hissa
volume contains paper,ਖੰਡ ਵਿੱਚ ਪੇਪਰ ਸ਼ਾਮਲ ਹੈ,khand vich paper shamil hai
has conflict of interest with respect to,ਹਿੱਤ ਦੇ ਟਕਰਾਅ ਵਿੱਚ ਹੈ,hitt de takraa vich hai
event of sending camera-ready version,ਕੈਮਰਾ-ਤਿਆਰ ਸੰਸਕਰਣ ਭੇਜਣਾ,kamera-tiar sanskaran bhejna da samaagam
car,ਕਾਰ,car
is held after,ਬਾਅਦ ਵਿੱਚ ਆਯੋਜਿਤ ਕੀਤਾ ਜਾਂਦਾ ਹੈ,baad vich aayojit kita janda hai
url of conference web is,ਕਾਨਫਰੰਸ ਵੈੱਬ ਦਾ ਯੂਆਰਐਲ ਹੈ,konfrans web da yural hai
personal publication history,ਨਿੱਜੀ ਪ੍ਰਕਾਸ਼ਨ ਇਤਿਹਾਸ,nijji prakaashan itihaas
pays,ਭੁਗਤਾਨ,bhugtaan
chair of conference,ਕਾਨਫਰੰਸ ਦਾ ਚੇਅਰ,conference da chair
publisher,ਪ੍ਰਕਾਸ਼ਕ,prakāshak
administrator,ਪ੍ਰਬੰਧਕ,prabandhak
place,ਸਥਾਨ,sthān
organizer,ਆਯੋਜਕ,aayojak
proceedings of conference,ਕਾਨਫਰੰਸ ਦੇ ਕਾਰਜਾਂ ਦਾ,conference de kaarjaan da
company,ਕੰਪਨੀ,kampani
contribution,ਯੋਗਦਾਨ,yogdan
registration fee for person not being member of sig,ਮੈਂਬਰ ਨਾ ਹੋਣ ਵਾਲੇ ਵਿਅਕਤੀ ਲਈ ਰਜਿਸਟਰੇਸ਼ਨ ਫੀਸ,Membr na hone wale vyakti lai registration fees
study at university,ਯੂਨੀਵਰਸਿਟੀ ਵਿਚ ਪੜ੍ਹਾਈ ਕਰਨਾ,yunivarsiti vich parhaee karna
referenced in,ਹਵਾਲਾ ਦਿੱਤਾ ਗਿਆ,havaala ditta gia
details entered by,ਵੇਰਵੇ ਦਾਖਲ ਕਰਨ ਵਾਲਾ,verve daakhil karna wala
conference session,ਕਾਨਫਰੰਸ ਸੈਸ਼ਨ,conference session
attendee,ਭਾਗ ਲੈਣ ਵਾਲਾ,Bhaag Lain Waala
is locally situated in,ਸਥਾਨਕ ਤੌਰ 'ਤੇ ਸਥਿਤ ਹੈ,sthānakaṁ taur 'te sthit hai
has logo at url,ਲੋਗੋ ਯੂਆਰਐਲ 'ਤੇ ਹੈ,logo URL 'te hai
organised by,ਦੁਆਰਾ ਆਯੋਜਿਤ,duara aayojit
student lecturer,ਵਿਦਿਆਰਥੀ ਲੈਕਚਰਾਰ,Vidyaarthi Lekchraar
abstract,ਅਮੂਰਤ,akhbar
add,ਜੋੜਨਾ,jodna
is about paper,ਖ਼ਬਰ ਦਸਤਾਵੇਜ਼ ਬਾਰੇ ਹੈ,khabar dastavez bare hai
registration fee,ਰਜਿਸਟਰੇਸ਼ਨ ਫੀ ਦਾ,registration fee da
signs,ਚਿੰਨ੍ਹ,chinh
has award,ਪੁਰਸਕਾਰ ਹੈ,puraskaar hai
sponzor,ਸਪਾਂਸਰ,sponsor
gives,ਦਿੰਦਾ ਹੈ,dinda hai
single level conference,ਇਕ ਪੱਧਰੀ ਕਾਨਫਰੰਸ,ik padhri conference
worker lecturer,ਕਾਰਕੁਨ ਲੈਕਚਰਾਰ,karkun lecturer
is topic of conference part,ਕਾਨਫਰੰਸ ਦਾ ਵਿਸ਼ਾ ਹੈ,konfrans da visa hai
pc member,ਪੀਸੀ ਮੈਂਬਰ,PC member
web of conference,ਕਾਨਫਰੰਸ ਦਾ ਜਾਲ,conference da jaal
is signed by,ਦੁਆਰਾ ਦਸਤਖ਼ਤ ਕੀਤਾ,dwaara dastakhat kiteya
activity of receiving a manuscript,ਮੈਨੂਸਕ੍ਰਿਪਟ ਪ੍ਰਾਪਤ ਕਰਨਾ,manuscript praapt karna
degree of review preference,ਸਮੀਖਿਆ ਦੀ ਪਸੰਦਗੀ ਦੀ ਡਿਗਰੀ,sameekhya dee pasandgee dee degree
has important date,ਮਹੱਤਵਪੂਰਨ ਮਿਤੀ ਹੈ,mahatvapoorn mitee hai
weak-reject rating,ਕਮਜ਼ੋਰ-ਰੱਦ ਦਰਜਾ,kamzor-radd darja
time zone,ਸਮਾ ਜ਼ੋਨ,samaj zon
scientifically organises,ਵਿਗਿਆਨਕ ਤੌਰ 'ਤੇ ਆਯੋਜਿਤ ਕਰਦਾ ਹੈ → ਵਿਗਿਆਨਕ ਆਯੋਜਨ,vigyaanik taur 'te aayojit karda hai → vigyaanik aayojan
event,ਸਮਾਗਮ,samagam
reviewer bidding started by,ਸਮੀਖਿਅਕ ਬੋਲੀ ਸ਼ੁਰੂ ਕੀਤੀ ਦੁਆਰਾ,sameekhiak boli shuru keeti duaara
talk,ਭਾਸ਼ਣ,bhaashan
form,ਫਾਰਮ,farm
registration fee for a member,ਮੈਂਬਰ ਲਈ ਰਜਿਸਟਰੇਸ਼ਨ ਫੀਸ,mainbar lai rajistreshan fees
personal reviewing history,ਨਿੱਜੀ ਸਮੀਖਿਆ ਇਤਿਹਾਸ,Nijji Sameekhya Itihas
computer networks sensor topic,ਕੰਪਿਊਟਰ ਨੈਟਵਰਕ ਸੈਂਸਰ ਵਿਸ਼ਾ,kampiyutar netavarik sansar visa
conference contribution,ਕਾਨਫਰੰਸ ਯੋਗਦਾਨ,conference yogdaan
is equipped for,ਲੈਸ ਹੈ,lays hai
call for manuscripts,ਮੈਨੂਸਕ੍ਰਿਪਟ ਲਈ ਸੱਦਾ,manuscript lai sada
deadline,ਅੰਤਿਮ ਮਿਤੀ,antim miti
author information form,ਲੇਖਕ ਜਾਣਕਾਰੀ ਫਾਰਮ,lekhar jaankaaree form
applicant for conference,ਕਾਨਫਰੰਸ ਦਾ ਅਰਜ਼ੀਦਾਰ,conference da arzidaar
user,ਉਪਭੋਗਤਾ,upabhogata
invited talk abstract,ਸੱਦਾ ਭਾਸ਼ਣ ਅਮੂਲਯ ਅਖ਼ਬਾਰ,sadda bhaashan amoolya akhbar
lecture given by a speaker,ਭਾਸ਼ਣ ਦਿੱਤਾ ਗਿਆ,bhaashan ditaa gia
session,ਸੈਸ਼ਨ,session
has review,ਸਮੀਖਿਆ ਕਰਦਾ ਹੈ,sameekhya karda hai
research institute,ਖੋਜ ਸੰਸਥਾਨ,khoj sansthaan
main office of conference,ਮੁੱਖ ਦਫ਼ਤਰ ਦਾ,mukh daftar da
positive review,ਸਕਾਰਾਤਮਕ ਸਮੀਖਿਆ,sakaraatmak sameekhia
is present in time,ਸਮੇਂ ਵਿੱਚ ਮੌਜੂਦ,saméṁ vich maujūd
city which is the location for a trip,ਯਾਤਰਾ ਦਾ ਸਥਾਨ ਸ਼ਹਿਰ,yatra da sthan shahar
"occupies (lives, resides)",ਨਿਵਾਸ,nivaas
has review expertise,ਸਮੀਖਿਆ ਮਾਹਰਤਾ ਹੈ,sameekhya maaharta hai
withdrawn paper,ਵਾਪਸ ਲਿਆ ਗਿਆ ਪੇਪਰ,waapas lia gya paper
web site,ਵੈੱਬਸਾਈਟ,websaite
held in,ਵਿਚ ਆਯੋਜਿਤ,vich aayojit
stay in,ਵਿਚ ਰਹੋ,vich raho
publishes,ਪ੍ਰਕਾਸ਼ਨ,prakshan
information for participants,ਭਾਗੀਦਾਰਾਂ ਲਈ ਜਾਣਕਾਰੀ,Bhagidaran Lai Jaankari
activity of refusing a manuscript,ਅਸਵੀਕਾਰ ਕਰਨਾ,asveekar karna
sponsorship,ਸਪਾਂਸਰਸ਼ਿਪ,sponsaraship
abstract of paper,ਖ਼ੁਲਾਸਾ ਦਾ,khulasa da
tutorial abstract,ਟਿਊਟੋਰੀਅਲ ਅਮੂਲਯਤਾ,ਟਿਊਟੋਰੀਅਲ ਅਮੂਲਯਤਾ → Tutorial Amooliyata
student who is not a speaker,ਵਿਦਿਆਰਥੀ ਗੈਰ-ਸਪੀਕਰ,Vidyaarthee Gair-Speiker
active participant of conference,ਸਰਗਰਮ ਭਾਗੀਦਾਰ ਦੁਆਰਾ,saragaram bhaagidaar dwaara
rated paper,ਰੇਟ ਕੀਤਾ ਪੇਪਰ,ret kita paper
track,ਟਰੈਕ,track
deadline for notification of acceptance,ਸਵੀਕ੍ਰਿਤੀ ਦੀ ਸੂਚਨਾ ਦੀ ਮਿਆਦ,Sweekriti di suchna di miyaad
organizing committee of conference is,ਕਾਨਫਰੰਸ ਦੀ ਆਯੋਜਨ ਕਮੇਟੀ,konfrans da aayojan karna wala smuh
has valued added tax,ਮੁੱਲ ਵਾਧੂ ਟੈਕਸ ਵਾਲਾ ਹੈ,Mul Vaadhu Tax Vaala Hai
currency,ਮੁਦਰਾ,mudra
tutorial chair,ਟਿਊਟੋਰੀਅਲ ਚੇਅਰ,Tutorial Chair
workshop,ਵਰਕਸ਼ਾਪ,workshop
member of program committee,ਪ੍ਰੋਗਰਾਮ ਕਮੇਟੀ ਦਾ ਮੈਂਬਰ,program committee da member
conference banquet,ਕਾਨਫਰੰਸ ਭੋਜਨ,conference bhojan
is visited by,ਦੁਆਰਾ ਦੇਖਿਆ ਜਾਂਦਾ ਹੈ,duaara dekhiya janda hai
topic,ਵਿਸ਼ਾ,visha
conference days,ਕਾਨਫਰੰਸ ਦਿਨ,conference din
single hotel room,ਇਕ ਹੋਟਲ ਕਮਰਾ,ik hotel kamra
end day of event,ਸਮਾਗਮ ਦਾ ਅੰਤਿਮ ਦਿਨ,samaagam da antim din
industrial paper,ਉਦਯੋਗਿਕ ਪੇਪਰ,Udyogik Paper
has start date and time,ਸ਼ੁਰੂ ਮਿਤੀ ਅਤੇ ਸਮਾਂ ਹੈ,Shuru Miti Ate Saman Hai
final manuscript,ਅੰਤਿਮ ਖਰੜਾ,antim kharra
demo session,ਡੈਮੋ ਸੈਸ਼ਨ,demo session
test only topic,ਟੈਸਟ ਟੌਪਿਕ,Test Topic
meta-review,ਮੈਟਾ-ਸਮੀਖਿਆ,meta-sameekhya
hotel presenter,ਹੋਟਲ ਪ੍ਰੇਜ਼ੈਂਟਰ,hotel presenter
program committee of conference is,ਕਾਨਫਰੰਸ ਦਾ ਪ੍ਰੋਗਰਾਮ ਕਮੇਟੀ,conference da program committee
shuttle bus,ਸ਼ਟਲ ਬੱਸ,Shattal Bass
is used for,ਵਰਤੋਂ ਲਈ,layia vartia janda hai
camera-ready version of contribution,ਕੈਮਰਾ-ਤਿਆਰ ਸੰਸਕਰਣ ਦਾ ਯੋਗਦਾਨ,kamera-tiar sanskaran da yogdan
speaker,ਸਪੀਕਰ,speaker
card,ਕਾਰਡ,card
sc member,ਐਸਸੀ ਮੈਂਬਰ,ESSEE member
academic event,ਅਕਾਦਮਿਕ ਸਮਾਗਮ,akademic samaagam
conference airport,ਕਾਨਫਰੰਸ ਹਵਾਈ ਅੱਡਾ,conference hawai adda
track of conference,ਕਾਨਫਰੰਸ ਦਾ ਟਰੈਕ,conference da track
print hardcopy mailing manifests,ਹਾਰਡਕਾਪੀ ਮੇਲਿੰਗ ਮੈਨੀਫੈਸਟ ਛਾਪੋ,Haardkapi Meling Mainifast Chhaapo
chair,ਕੁਰਸੀ,pradhan
demo chair,ਡੈਮੋ ਚੇਅਰ,Demo Chair
pc chair,ਪੀਸੀ ਚੇਅਰ,pīsī cēʾr
video presentation,ਵੀਡੀਓ ਪੇਸ਼ਕਾਰੀ,video peshekari
has attendee,ਹਾਜ਼ਰੀਨਾਂ ਵਾਲਾ,Hazareenaa Vaalaa
van,ਵੈਨ,vain
call for reviews,ਸਮੀਖਿਆ ਲਈ ਸੱਦਾ,sameekhya lai sada
obtained award,ਪੁਰਸਕਾਰ ਪ੍ਰਾਪਤ ਕੀਤਾ,puraskaar praapt kiita
programme brochure,ਪ੍ਰੋਗਰਾਮ ਬ੍ਰੋਸ਼ਰ,program brochure
preference or expertise of review is,ਸਮੀਖਿਆ ਦੀ ਤਰਜੀਹ ਜਾਂ ਮਾਹਰਤਾ,sameekhia di tarjeeh jaan maharta
payment document,ਭੁਗਤਾਨ ਦਸਤਾਵੇਜ਼,bhugtaan dastavez
city where a sponzor comes from,ਸਰਪ੍ਰਸਤ ਦਾ ਸ਼ਹਿਰ,sarprast da shahar
has submission instructions,ਸਬਮਿਸ਼ਨ ਨਿਰਦੇਸ਼ਾਂ ਵਾਲਾ ਹੈ,submission nirdeshan wala hai
welcome speech,ਸਵਾਗਤ ਭਾਸ਼ਣ,Swaagat Bhaashan
publisher of,ਪ੍ਰਕਾਸ਼ਕ ਦੁਆਰਾ,prakasak dwara
is provider of,ਦਾ ਪ੍ਰਦਾਤਾ ਹੈ,da pradata hai
has tutorial,ਟਿਊਟੋਰੀਅਲ ਹੈ,ਟਿਊਟੋਰੀਅਲ ਹੈ → tutorial hai
not member of iasted,ਆਈਏਐਸਟੀਈਡੀ ਦਾ ਮੈਂਬਰ ਨਹੀਂ,AIESTDI da member nahi
chair of workshop track,ਵਰਕਸ਼ਾਪ ਟਰੈਕ ਦਾ ਚੇਅਰ,Workshop track da chair
submitted to,ਜਮ੍ਹਾਂ ਕਰਨ ਲਈ,jamhaan karan lai
sends,ਭੇਜਦਾ ਹੈ,bhijda hai
accommodation,ਰਿਹਾਇਸ਼ ਦਾ,rihaish da
goes through,ਸੇਧਿਤ ਹੁੰਦਾ ਹੈ,saydhith huNdha hai
event of reviewing,ਸਮੀਖਿਆ ਦਾ ਘਟਨਾ,sameekhya da ghatna
subject area,ਵਿਸ਼ਾ ਖੇਤਰ,visha khetar
security topic,ਸੁਰੱਖਿਆ ਵਿਸ਼ਾ,surakhiya visa
sponzor as exhibitor,ਸਪਾਂਸਰ ਪ੍ਰਦਰਸ਼ਨਕਾਰ,sponsar prdarshankar
first author of contribution,ਯੋਗਦਾਨ ਦਾ ਪਹਿਲਾ ਲੇਖਕ,yogdaan da pehla lekhak
is co-chair of committee,ਕਮੇਟੀ ਦਾ ਸਹਿ-ਪ੍ਰਧਾਨ ਹੈ,kameti da saH-pradhan hai
negative review,ਨਕਾਰਾਤਮਕ ਸਮੀਖਿਆ,nakaaraatmak sameekhya
any kind of document,ਕਿਸੇ ਵੀ ਕਿਸਮ ਦਾ ਦਸਤਾਵੇਜ਼,dastavez
relates to,ਨਾਲ ਸਬੰਧਤ ਹੈ,sambandit hai
maximal number of assigned papers,ਨਿਰਧਾਰਤ ਪੇਪਰਾਂ ਦੀ ਵੱਧ ਤੋਂ ਵੱਧ ਗਿਣਤੀ,asain kite paperan di vadhh toN vadhh ginnti
enter details on,'ਤੇ ਵੇਰਵੇ ਦਰਜ ਕਰੋ,Vigyaanik Vivran Dakhil Karo
date of camera-ready submission,ਕੈਮਰਾ-ਤਿਆਰ ਜਮ੍ਹਾਂ ਕਰਨ ਦੀ ਮਿਤੀ,kamera-tiar sabmishan di miti
participant of conference has early registration,ਕਾਨਫਰੰਸ ਦੇ ਭਾਗੀਦਾਰ ਲਈ ਜਲਦੀ ਰਜਿਸਟ੍ਰੇਸ਼ਨ ਕਰਵਾਉਣੀ ਜ਼ਰੂਰੀ ਹੈ।,samkalee rajistreshan wala
university,ਯੂਨੀਵਰਸਿਟੀ,universiti
registration fee is in currency,ਰਜਿਸਟ੍ਰੇਸ਼ਨ ਫੀਸ ਮੁਦਰਾ ਵਿੱਚ ਹੈ,mudra vich
has member,ਮੈਂਬਰ ਹੈ,mainbar hai
double hotel room,ਦੋਹਰਾ ਹੋਟਲ ਕਮਰਾ,dohra hotel kamra
contributor for conference,ਕਾਨਫਰੰਸ ਲਈ ਯੋਗਦਾਨ ਪਾਉਣ ਵਾਲਾ,yogdan pauna wala
main office,ਮੁੱਖ ਦਫ਼ਤਰ,mukh daftar
overhead projector,ਓਵਰਹੈੱਡ ਪ੍ਰੋਜੈਕਟਰ,overhead projector
associated chair,ਸੰਬੰਧਿਤ ਕੁਰਸੀ,Sahiyogi Chair
is part of conference,ਕਾਨਫਰੰਸ ਦਾ ਹਿੱਸਾ ਹੈ,conference da hissa hai
communications topic,ਸੰਚਾਰ ਵਿਸ਼ੇ,sanchar visa
co-author,ਸਹਿ-ਲੇਖਕ,sah-lekhak
has abstract,ਐਬਸਟਰੈਕਟ ਹੈ,amurut lekh hai
has updated version,ਸੰਸਕਰਣ ਨੂੰ ਅਪਡੇਟ ਕੀਤਾ ਹੈ,apdeT keeTi varjan hai
has price,ਕੀਮਤ ਹੈ,mull hai
has nationality,ਕੌਮੀਅਤ ਹੈ,Rashtriyata hai
written by,ਦੁਆਰਾ ਲਿਖਿਆ ਗਿਆ,likhiya giya
has surname,ਉਪਨਾਮ ਹੈ,dā upnām hai
computer networks measurements topic,ਕੰਪਿਊਟਰ ਨੈੱਟਵਰਕ ਮਾਪ ਵਿਸ਼ੇ,kampiyutar netavarik maap visha
student,ਵਿਦਿਆਰਥੀ,Vidyaarthi
state where the conference takes place,ਦੱਸੋ ਕਿ ਕਾਨਫਰੰਸ ਕਿੱਥੇ ਹੁੰਦੀ ਹੈ,aayojan sthaan da raaj
inverse of partof 7,7 ਦੇ ਹਿੱਸੇ ਦਾ ਉਲਟ,Bhaag da ult
workshop chair,ਵਰਕਸ਼ਾਪ ਦੀ ਕੁਰਸੀ,workshop chair
is connected with,ਨਾਲ ਜੁੜਿਆ ਹੋਇਆ ਹੈ,naal juriya hoia
oc member,oc ਮੈਂਬਰ,sadsiya
part of event,ਸਮਾਗਮ ਦਾ ਹਿੱਸਾ,samagam da hissa
assign,ਅਸਾਈਨ ਕਰਨਾ,asaain karna
conference registration date and time deadline,ਕਾਨਫਰੰਸ ਰਜਿਸਟ੍ਰੇਸ਼ਨ ਮਿਤੀ ਅਤੇ ਸਮਾਂ ਆਖਰੀ ਮਿਤੀ,registration di aakhri taarikh ate sama
location of,ਦੀ ਸਥਿਤੀ,stan da
is designed for,ਲਈ ਤਿਆਰ ਕੀਤਾ ਗਿਆ ਹੈ,layi dizain keeta gia hai
video cassette player,ਵੀਡੀਓ ਕੈਸੇਟ ਪਲੇਅਰ,videyo kaset player
is needed for,ਲਈ ਲੋੜ ਹੈ,layi zaroori hai
country,ਦੇਸ਼,desh
reviewer,ਸਮੀਖਿਅਕ,sameekhyak
decision,ਫੈਸਲਾ,faisla
accepts hardcopy submissions,ਹਾਰਡਕਾਪੀ ਸਬਮਿਸ਼ਨਾਂ ਸਵੀਕਾਰ ਕਰਦਾ ਹੈ,Haardkapi sabmishan sweekaar karda hai
technical committee,ਤਕਨੀਕੀ ਕਮੇਟੀ,takneekee kameTEE
contributed talk,ਯੋਗਦਾਨ ਦਿੱਤਾ ਭਾਸ਼ਣ,yogdan bhashan
building,ਇਮਾਰਤ ,Imarat Naal Sambandhit
rejected by,ਦੁਆਰਾ ਰੱਦ ਕਰ ਦਿੱਤਾ,rad karna wala
tutorial,ਟਿਊਟੋਰਿਅਲ,Tutorial
accepts,ਸਵੀਕਾਰ ਕਰਦਾ ਹੈ,sweekaar karda hai
poster,ਪੋਸਟਰ,poster
read paper,ਪੇਪਰ ਪੜ੍ਹੋ,paper parhna
reject rating,ਰੇਟਿੰਗ ਨੂੰ ਅਸਵੀਕਾਰ ਕਰੋ,reding nu radd karna
presentation of paper,ਕਾਗਜ਼ ਦੀ ਪੇਸ਼ਕਾਰੀ,paper di peshekari
camera ready paper,ਕੈਮਰਾ ਤਿਆਰ ਕਾਗਜ਼,kaimra tiyaar pepar
registration fee for a student,ਵਿਦਿਆਰਥੀ ਲਈ ਰਜਿਸਟਰੇਸ਼ਨ ਫੀਸ,Vidyaarthi lai registration fees
webmaster,ਵੈੱਬਮਾਸਟਰ,webmaster
reviewer of paper,ਕਾਗਜ਼ ਦਾ ਸਮੀਖਿਅਕ,paper da sameekhyak
program committee,ਪ੍ਰੋਗਰਾਮ ਕਮੇਟੀ,program committee
hotel registration form,ਹੋਟਲ ਰਜਿਸਟਰੇਸ਼ਨ ਫਾਰਮ,hotel registration form
conference document,ਕਾਨਫਰੰਸ ਦਸਤਾਵੇਜ਼,conference dastavez
is initiated by,ਦੁਆਰਾ ਸ਼ੁਰੂ ਕੀਤਾ ਜਾਂਦਾ ਹੈ,shuru kita janda hai
document,ਦਸਤਾਵੇਜ਼,dastavez
registration fee paid by,ਦੁਆਰਾ ਅਦਾ ਕੀਤੀ ਰਜਿਸਟਰੇਸ਼ਨ ਫੀਸ,registration fees dwara ada keeti gee
bid,ਬੋਲੀ,boli
publication,ਪ੍ਰਕਾਸ਼ਨ,prakshan
flyer,ਪੰਫਲੈਟ,pamflet
fee for extra trip,ਵਾਧੂ ਯਾਤਰਾ ਲਈ ਫੀਸ,vadhele yaatra shulka
topic covered by,ਦੁਆਰਾ ਕਵਰ ਕੀਤਾ ਵਿਸ਼ਾ,visha dwaara kovar keeta gya
is provided by,ਦੁਆਰਾ ਪ੍ਰਦਾਨ ਕੀਤਾ ਜਾਂਦਾ ਹੈ,duara pradan kita janda hai
to be done till,ਤੱਕ ਕੀਤਾ ਜਾਣਾ ਹੈ,tak karna hai
presentation of a paper,ਇੱਕ ਪੇਪਰ ਦੀ ਪੇਸ਼ਕਾਰੀ,kagaz di peshekari
event of registration of participants event,ਭਾਗੀਦਾਰਾਂ ਦੀ ਰਜਿਸਟ੍ਰੇਸ਼ਨ ਦੀ ਘਟਨਾ,Bhagidarán de rejistréshan da ghatná
dinner banquet,ਰਾਤ ਦੇ ਖਾਣੇ ਦੀ ਦਾਅਵਤ,raat da bhojan
has website at url,url 'ਤੇ ਵੈੱਬਸਾਈਟ ਹੈ ,yooaral te websaite hai
applicant for conference who paid conference fee,ਕਾਨਫਰੰਸ ਲਈ ਬਿਨੈਕਾਰ ਜਿਸਨੇ ਕਾਨਫਰੰਸ ਫੀਸ ਅਦਾ ਕੀਤੀ ਸੀ,Bhugtaan Vaala Dakhlaakaar
organizing committee,ਪ੍ਰਬੰਧਕੀ ਕਮੇਟੀ,Aayojan Committee dwara
for event,ਘਟਨਾ ਲਈ,samaagam lai
demo paper,ਡੈਮੋ ਪੇਪਰ,demo paper
has name of conference,ਕਾਨਫਰੰਸ ਦਾ ਨਾਮ ਹੈ,konfrans da naam hai
signal processing topic,ਸਿਗਨਲ ਪ੍ਰੋਸੈਸਿੰਗ ਟੌਪਿਕ,signal prosesing topic
was presented by,ਦੁਆਰਾ ਪੇਸ਼ ਕੀਤਾ ਗਿਆ ਸੀ,duara pesh kiteya gia
preference or expertise of reviewer,ਸਮੀਖਿਅਕ ਦੀ ਤਰਜੀਹ ਜਾਂ ਮੁਹਾਰਤ,sameekhiakar di pasandgi jaan maharta
has workshop topic,ਵਰਕਸ਼ਾਪ ਦਾ ਵਿਸ਼ਾ ਹੈ,workshop visa hai
sponsor,ਸਪਾਂਸਰ,sponsor
meta-reviewer,ਮੈਟਾ-ਸਮੀਖਿਅਕ,meta-sameekhyak
delegate (person registering and visiting the conference),ਡੈਲੀਗੇਟ (ਰਜਿਸਟਰ ਹੋਣ ਵਾਲਾ ਅਤੇ ਕਾਨਫਰੰਸ ਦਾ ਦੌਰਾ ਕਰਨ ਵਾਲਾ ਵਿਅਕਤੀ),pratinidh
references,ਹਵਾਲੇ,havaale
bank transfer,ਬੈਂਕ ਟ੍ਰਾਂਸਫਰ,bank transfer
industrial organization,ਉਦਯੋਗਿਕ ਸੰਗਠਨ,Udyogik Sangathan
has id,ਆਈਡੀ ਹੈ,aai dee hai
industrial session,ਉਦਯੋਗਿਕ ਸੈਸ਼ਨ,Udyogik Session
author who will receive proceedings as book,ਲੇਖਕ ਜਿਸਨੂੰ ਕਿਤਾਬ ਦੇ ਰੂਪ ਵਿੱਚ ਕਾਰਵਾਈ ਪ੍ਰਾਪਤ ਹੋਵੇਗੀ,lekhak jis nu kitab de taur 'te kaarvai praapt hovegi
set maximal number of assigned paper,ਨਿਰਧਾਰਤ ਪੇਪਰ ਦੀ ਵੱਧ ਤੋਂ ਵੱਧ ਗਿਣਤੀ ਨਿਰਧਾਰਤ ਕਰੋ,asain kite paperan di adhiktam ginti set karo
mailing list,ਮੇਲਿੰਗ ਸੂਚੀ,mail suchi
is the first part of,ਦਾ ਪਹਿਲਾ ਹਿੱਸਾ ਹੈ,da pahila bhag hai
accept-if-room rating,ਕਮਰੇ ਨੂੰ ਸਵੀਕਾਰ ਕਰਨ ਦੀ ਰੇਟਿੰਗ,kamra rating de naal svikaar karo
is used by,ਦੁਆਰਾ ਵਰਤਿਆ ਜਾਂਦਾ ਹੈ,duara vartia janda hai
is paid by,ਦੁਆਰਾ ਭੁਗਤਾਨ ਕੀਤਾ ਜਾਂਦਾ ਹੈ,duara bhugtaan keeta janda hai
is present in time or space,ਸਮੇਂ ਜਾਂ ਸਥਾਨ ਵਿੱਚ ਮੌਜੂਦ ਹੈ,Maujūda hai
regular participant of conference,ਕਾਨਫਰੰਸ ਦੇ ਨਿਯਮਤ ਭਾਗੀਦਾਰ,niyamit bhaagidaar
accepted by,ਦੁਆਰਾ ਸਵੀਕਾਰ ਕੀਤਾ ਗਿਆ,duara sweekaar keeta gia
welcome talk,ਸੁਆਗਤ ਗੱਲਬਾਤ,Suaagat Galbat
computer networks topic,ਕੰਪਿਊਟਰ ਨੈੱਟਵਰਕ ਵਿਸ਼ੇ,kompyuter netwark vise
pending paper,ਬਕਾਇਆ ਕਾਗਜ਼,bakaia kagaz
microelectronics topic,ਮਾਈਕ੍ਰੋਇਲੈਕਟ੍ਰਾਨਿਕਸ ਵਿਸ਼ਾ,MaaikroilaelektroniksVishaa
deadline of author notification,ਲੇਖਕ ਦੀ ਸੂਚਨਾ ਦੀ ਅੰਤਮ ਤਾਰੀਖ,lekhak di suchna di miyaad
personal history,ਨਿੱਜੀ ਇਤਿਹਾਸ,nijji itihaas
computer networks optical topic,ਕੰਪਿਊਟਰ ਨੈੱਟਵਰਕ ਆਪਟੀਕਲ ਵਿਸ਼ਾ,kampiyutar netavarik aapptikal visha
date of acceptance notification,ਸਵੀਕ੍ਰਿਤੀ ਸੂਚਨਾ ਦੀ ਮਿਤੀ,sweekriti di suchna di miti
has city,ਸ਼ਹਿਰ ਹੈ,shahr hai
has topic,ਵਿਸ਼ਾ ਹੈ,Visha hai
virtual meeting enabled by,ਵਰਚੁਅਲ ਮੀਟਿੰਗ ਦੁਆਰਾ ਸਮਰਥਿਤ ਹੈ,Virtual meeting dwaara sahaayta praapt
performance topic,ਪ੍ਰਦਰਸ਼ਨ ਦਾ ਵਿਸ਼ਾ,pradarshan visa
is held before,ਅੱਗੇ ਆਯੋਜਿਤ ਕੀਤਾ ਗਿਆ ਹੈ,age ayojjita kita gia hai
activity,ਗਤੀਵਿਧੀ,gatividhi
city where the conference takes place,ਉਹ ਸ਼ਹਿਰ ਜਿੱਥੇ ਕਾਨਫਰੰਸ ਹੁੰਦੀ ਹੈ,uha shahar jithe kanapharasa hudi hai
has amount of cost,ਲਾਗਤ ਦੀ ਮਾਤਰਾ ਹੈ,lagat di maatra hai
short paper,ਛੋਟਾ ਕਾਗਜ਼,chota kagaz
closing talk,ਸਮਾਪਤੀ ਗੱਲਬਾਤ,Samapati galabata
has event,ਘਟਨਾ ਹੈ,Ghatna hai
cryptography topic,ਕ੍ਰਿਪਟੋਗ੍ਰਾਫੀ ਦਾ ਵਿਸ਼ਾ,kriptographee vishaa
paper assignment tools run by,ਪੇਪਰ ਅਸਾਈਨਮੈਂਟ ਟੂਲ ਦੁਆਰਾ ਚਲਾਏ ਜਾਂਦੇ ਹਨ,pepara asainamainta tula duaaraa chalaae jande hana
presentation,ਪੇਸ਼ਕਾਰੀ,peskari
call for papers,ਕਾਗਜ਼ਾਂ ਲਈ ਕਾਲ ਕਰੋ,kagazan lai kal karo
presents document,ਦਸਤਾਵੇਜ਼ ਪੇਸ਼ ਕਰਦਾ ਹੈ,dastavez pesch karda hai
attendee at,'ਤੇ ਹਾਜ਼ਰ,te  hazara
co-author of contribution,ਯੋਗਦਾਨ ਦੇ ਸਹਿ-ਲੇਖਕ,yogdaan de  sahi-lekhaka
conference end date and time,ਕਾਨਫਰੰਸ ਦੀ ਸਮਾਪਤੀ ਮਿਤੀ ਅਤੇ ਸਮਾਂ,kanapharasa di sampati miti ate saman
paper assignment finalized by,ਦੁਆਰਾ ਪੇਪਰ ਅਸਾਈਨਮੈਂਟ ਨੂੰ ਅੰਤਿਮ ਰੂਪ ਦਿੱਤਾ ਗਿਆ,duara pepara asainamainta nu atima rup dita gia
added by,ਦੁਆਰਾ ਜੋੜਿਆ ਗਿਆ,duara joria gia
scientifically organised by,ਦੁਆਰਾ ਵਿਗਿਆਨਕ ਤੌਰ 'ਤੇ ਆਯੋਜਿਤ ਕੀਤਾ ਗਿਆ ਹੈ,duara Vigianak taur 'te aayojit kita gia hai
submission,ਅਧੀਨਗੀ,adhinagi
plenary lecture,ਪੂਰਾ ਲੈਕਚਰ,plenary lecture
gold sponzor of conference,ਕਾਨਫਰੰਸ ਦਾ ਗੋਲਡ ਸਪਾਂਸਰ,kanapharasa da golada sapansara
activity of accepting a manuscript,ਹੱਥ-ਲਿਖਤ ਸਵੀਕਾਰ ਕਰਨ ਦੀ ਗਤੀਵਿਧੀ,hatha likhata savikara karana di gatividhi
conference fee,ਕਾਨਫਰੰਸ ਫੀਸ,kanapharasa phisa
textual review question,ਪਾਠ ਸਮੀਖਿਆ ਸਵਾਲ,patha samikhi savala
menu (meal),ਮੀਨੂ (ਭੋਜਨ),minu (bhojana)
submitted paper,ਪੇਸ਼ ਕੀਤਾ ਕਾਗਜ਼,pesa kita kagaz
value added tax,ਮੁੱਲ ਜੋੜਿਆ ਟੈਕਸ,Mula joria taikas
member of conference,ਕਾਨਫਰੰਸ ਦੇ ਮੈਂਬਰ,kanapharasa de maimbar
applicant for conference who early paid conference fee,ਕਾਨਫਰੰਸ ਲਈ ਬਿਨੈਕਾਰ ਜਿਸਨੇ ਕਾਨਫਰੰਸ ਫੀਸ ਜਲਦੀ ਅਦਾ ਕੀਤੀ ਸੀ,kanapharas lai binaikara jisane khanapharasa phisa jaladi ada kiti si
submit paper,ਕਾਗਜ਼ ਜਮ੍ਹਾਂ ਕਰੋ,kagaz jamhan karo
has rating,ਰੇਟਿੰਗ ਹੈ,retiNg hai
dining place,ਖਾਣੇ ਦੀ ਜਗ੍ਹਾ,khaane di jagha
read by meta-reviewer,ਮੈਟਾ-ਸਮੀਖਿਅਕ ਦੁਆਰਾ ਪੜ੍ਹਿਆ ਗਿਆ,Maiṭā-samīkhiak dwārā paṛhiā gia
non speaker,ਗੈਰ ਸਪੀਕਰ,gair sapikar
lecture,ਲੈਕਚਰ,laikacar
presented by,ਦੁਆਰਾ ਪੇਸ਼ ਕੀਤਾ ਗਿਆ ਹੈ,duara pesa  kita gia hai
written by author,ਲੇਖਕ ਦੁਆਰਾ ਲਿਖਿਆ ਗਿਆ,lekhaka duara likhia gia
is sent after,ਤੋਂ ਬਾਅਦ ਭੇਜਿਆ ਜਾਂਦਾ ਹੈ,tom baada bhejia janda hai
state of the sponsor,ਪ੍ਰਾਯੋਜਕ ਦੀ ਸਥਿਤੀ,prayojaka di sathiti
conference building,ਕਾਨਫਰੰਸ ਇਮਾਰਤ,kanapharasa imarata
has subject area,ਵਿਸ਼ਾ ਖੇਤਰ ਹੈ,Visha Khetar Hai
is chair of committee,ਕਮੇਟੀ ਦਾ ਪ੍ਰਧਾਨ ਹੈ,kameti da pradhan hai
proceedings,ਕਾਰਵਾਈਆਂ,kārvāīā̃
time,ਸਮਾਂ,samān
session room,ਸੈਸ਼ਨ ਰੂਮ,session kamra
conference registration form,ਕਾਨਫਰੰਸ ਰਜਿਸਟ੍ਰੇਸ਼ਨ ਫਾਰਮ,conference registration form
working event,ਕੰਮਕਾਜੀ ਘਟਨਾ,kamm kaaraj
conference announcement,ਕਾਨਫਰੰਸ ਦਾ ਐਲਾਨ,conference elaanan
is held in,ਵਿੱਚ ਆਯੋਜਿਤ ਕੀਤਾ ਗਿਆ ਹੈ,vich aayojit kita janda hai
reviewed contribution,ਯੋਗਦਾਨ ਦੀ ਸਮੀਖਿਆ ਕੀਤੀ,sameekhya keeti yogdaan
is organizing committee of conference,ਕਾਨਫਰੰਸ ਦੀ ਪ੍ਰਬੰਧਕ ਕਮੇਟੀ ਹੈ,konfrans da aayojan komiti hai
has phone,ਫ਼ੋਨ ਹੈ,fon hai
set-up deadline,ਸੈੱਟ-ਅੱਪ ਦੀ ਸਮਾਂ-ਸੀਮਾ,sthapan di dehaara
isbn of proceedings,ਕਾਰਵਾਈ ਦੀ isbn,prakāshan dā āīēsabīēn
written contribution,ਲਿਖਤੀ ਯੋਗਦਾਨ,likhit yogdaan
conference chair,ਕਾਨਫਰੰਸ ਦੀ ਕੁਰਸੀ,conference chair
mobile computing topic,ਮੋਬਾਈਲ ਕੰਪਿਊਟਿੰਗ ਵਿਸ਼ਾ,mobile kompyooting visha
passive participant of conference,ਕਾਨਫਰੰਸ ਦੇ ਪੈਸਿਵ ਭਾਗੀਦਾਰ,saragaram nahi bhagidaara dwaara
sponzor are called by,ਸਪਾਂਸਰ ਨੂੰ ਇਹਨਾਂ ਦੁਆਰਾ ਬੁਲਾਇਆ ਜਾਂਦਾ ਹੈ,spanser dwaara bulaya gia
call,ਕਾਲ,kaal
read by reviewer,ਸਮੀਖਿਅਕ ਦੁਆਰਾ ਪੜ੍ਹਿਆ ਗਿਆ,Sameekhiak dwaara parhia
published on date,ਮਿਤੀ ਨੂੰ ਪ੍ਰਕਾਸ਼ਿਤ,prakaashit mite te
credit card,ਕਰੇਡਿਟ ਕਾਰਡ,kreditt kaard
has topic or submission contribution,ਵਿਸ਼ਾ ਜਾਂ ਸਪੁਰਦਗੀ ਯੋਗਦਾਨ ਹੈ,Visha jaan sabmishan yogan daan hai
multi-author volume,ਬਹੁ-ਲੇਖਕ ਵਾਲੀਅਮ,Bahulekhk Sangrahi
conference trip,ਕਾਨਫਰੰਸ ਦੀ ਯਾਤਰਾ,konfrans yatra
is paid for,ਲਈ ਭੁਗਤਾਨ ਕੀਤਾ ਜਾਂਦਾ ਹੈ,da bhugtaan keeta gia hai
writes contribution,ਯੋਗਦਾਨ ਲਿਖਦਾ ਹੈ,yogdan likhda hai
possible reviewer,ਸੰਭਵ ਸਮੀਖਿਅਕ,sambhavi sameekhiak
scientific event,ਵਿਗਿਆਨਕ ਘਟਨਾ,Vigyaanik Ghatna
accepted contribution,ਸਵੀਕਾਰ ਕੀਤਾ ਯੋਗਦਾਨ,Sweekrit Yogdaan
has been assigned review preference,ਸਮੀਖਿਆ ਤਰਜੀਹ ਦਿੱਤੀ ਗਈ ਹੈ,sameekhia prathamikta ditti gai hai
has country,ਦੇਸ਼ ਹੈ,desh hai
session chair,ਸੈਸ਼ਨ ਦੀ ਕੁਰਸੀ,session chair
event of submission,ਪੇਸ਼ ਕਰਨ ਦੀ ਘਟਨਾ,submishan da ghatna
adjusted by,ਦੁਆਰਾ ਐਡਜਸਟ ਕੀਤਾ ਗਿਆ,sodhiya giya
has menu,ਮੇਨੂ ਹੈ,menu hai
volume number of proceedings,ਕਾਰਵਾਈ ਦੀ ਵਾਲੀਅਮ ਨੰਬਰ,prakshan da ank
co-written by,ਦੁਆਰਾ ਸਹਿ-ਲਿਖਤ,sah-likhita duara
wireless communications topic,ਵਾਇਰਲੈੱਸ ਸੰਚਾਰ ਵਿਸ਼ਾ,taar-rehit sanchar visha
person involved with conference,ਕਾਨਫਰੰਸ ਵਿੱਚ ਸ਼ਾਮਲ ਵਿਅਕਤੀ,conference nal jude vyakti
location of conference,ਕਾਨਫਰੰਸ ਦੀ ਸਥਿਤੀ,conference di sthaan
has workshop,ਵਰਕਸ਼ਾਪ ਹੈ,workshop hai
viza,ਵੀਜ਼ਾ,visa
tip,ਕਿਸਮ,kisam
has biography,ਜੀਵਨੀ ਹੈ,jivanī hai
antennas topic,ਐਂਟੀਨਾ ਵਿਸ਼ਾ,Einṭena Ṭāpik
has deadline for submission,ਜਮ੍ਹਾਂ ਕਰਨ ਦੀ ਆਖਰੀ ਮਿਤੀ ਹੈ,submishan lai antim taareekh
departure,ਰਵਾਨਗੀ,ravangi
co-write,ਸਹਿ-ਲੇਖਕ,sah-likha
has email,ਈਮੇਲ ਹੈ,email hai
author,ਲੇਖਕ,lekhak
rejected contribution,ਅਸਵੀਕਾਰ ਕੀਤਾ ਯੋਗਦਾਨ,asavikar kita  yogdan
has author,ਲੇਖਕ ਹੈ,lekhak hai
taxi,ਟੈਕਸੀ,taxi
person,ਵਿਅਕਤੀ,viyakti
paid registration fee,ਭੁਗਤਾਨ ਕੀਤੀ ਰਜਿਸਟ੍ਰੇਸ਼ਨ ਫੀਸ,ada keeta registration fees
individual presentation,ਵਿਅਕਤੀਗਤ ਪੇਸ਼ਕਾਰੀ,viyaktigat peshekarie
registration fee paid by an attending author for receiving proceedings as book,ਕਿਤਾਬ ਦੇ ਰੂਪ ਵਿੱਚ ਕਾਰਵਾਈ ਪ੍ਰਾਪਤ ਕਰਨ ਲਈ ਹਾਜ਼ਰ ਲੇਖਕ ਦੁਆਰਾ ਅਦਾ ਕੀਤੀ ਗਈ ਰਜਿਸਟ੍ਰੇਸ਼ਨ ਫੀਸ,kitaba de rupa vica karavai prapata karavai prapata karana lai hazara lekhaka duara adaa kiti gai rajisatresana phisa
has amount of,ਦੀ ਮਾਤਰਾ ਹੈ,di maatra hai
program chair,ਪ੍ਰੋਗਰਾਮ ਦੀ ਕੁਰਸੀ,program chair
chair of program committee,ਪ੍ਰੋਗਰਾਮ ਕਮੇਟੀ ਦੀ ਪ੍ਰਧਾਨਗੀ,program committee da chairman
conference serie,ਕਾਨਫਰੰਸ ਲੜੀ,conference larhi
preference,ਤਰਜੀਹ,tarjeeh
presenter who presents only on one day,ਪੇਸ਼ਕਾਰ ਜੋ ਸਿਰਫ਼ ਇੱਕ ਦਿਨ ਪੇਸ਼ ਕਰਦਾ ਹੈ,pesakar jo siraf ik-din pasha karada hai
conference participant,ਕਾਨਫਰੰਸ ਭਾਗੀਦਾਰ,conference bhagidaar
member of organizing committee,ਪ੍ਰਬੰਧਕੀ ਕਮੇਟੀ ਦੇ ਮੈਂਬਰ,Aayojan Committee da member
introduction,ਜਾਣ-ਪਛਾਣ,jan pachan
has contribution,ਦਾ ਯੋਗਦਾਨ ਹੈ,yogdaan hai
is prepared by,ਦੁਆਰਾ ਤਿਆਰ ਕੀਤਾ ਜਾਂਦਾ ਹੈ,duara tiyaar kita janda hai
slide set,ਸਲਾਈਡ ਸੈੱਟ,slaid set
regular paper,ਨਿਯਮਤ ਕਾਗਜ਼,niyamat paper
cd proceeding,ਸੀਡੀ ਦੀ ਕਾਰਵਾਈ,CD Prakashan
assigned by admin,ਪ੍ਰਬੰਧਕ ਦੁਆਰਾ ਨਿਰਧਾਰਤ ਕੀਤਾ ਗਿਆ ਹੈ,prabandhak dwara sanjha kita gia
reject paper,ਕਾਗਜ਼ ਨੂੰ ਰੱਦ,kagaz nu rad
extended abstract,ਵਿਸਤ੍ਰਿਤ ਸਾਰ,visatrita sara
numerical review question,ਸੰਖਿਆਤਮਕ ਸਮੀਖਿਆ ਸਵਾਲ,ankhi sameekhya sawal
audiovisual equipment,ਆਡੀਓ ਵਿਜ਼ੁਅਲ ਉਪਕਰਣ,audiowizual upkaran
organisation,ਸੰਸਥਾ,sangathan
abstrakt,ਸੰਖੇਪ,sakhep
university of a presenter,ਇੱਕ ਪੇਸ਼ਕਾਰ ਦੀ ਯੂਨੀਵਰਸਿਟੀ,peshekhar di university
accepted paper,ਸਵੀਕਾਰ ਕੀਤਾ ਕਾਗਜ਼,sweekrit paper
reception,ਰਿਸੈਪਸ਼ਨ,reception
is dated on,ਨੂੰ ਮਿਤੀ ਹੈ,nu miti hai
has remark,ਟਿੱਪਣੀ ਹੈ,Tipni hai
is presented in,ਵਿੱਚ ਪੇਸ਼ ਕੀਤਾ ਗਿਆ ਹੈ,vich pesh kita gia hai
full version of paper,ਕਾਗਜ਼ ਦਾ ਪੂਰਾ ਸੰਸਕਰਣ,kagaza da pura sasakarana
award for conference paper,ਕਾਨਫਰੰਸ ਪੇਪਰ ਲਈ ਪੁਰਸਕਾਰ,kanapharasa pepara lai purasakar
conference hiker,ਕਾਨਫਰੰਸ ਹਾਈਕਰ,conference ser sapata
item (in general),ਵਸਤੂ (ਆਮ ਤੌਰ 'ਤੇ),aitem
computer,ਕੰਪਿਊਟਰ,kampiutar
conference,ਕਾਨਫਰੰਸ,conference
author of contribution,ਯੋਗਦਾਨ ਦੇ ਲੇਖਕ,yogdaan da lekhak
communication theory topic,ਸੰਚਾਰ ਸਿਧਾਂਤ ਦਾ ਵਿਸ਼ਾ,sanchar sidhaanat visha
updated version of,ਦਾ ਅਪਡੇਟ ਕੀਤਾ ਸੰਸਕਰਣ,apdeṭad varjan sasakaran
setting of minimal number of event,ਘੱਟੋ-ਘੱਟ ਘਟਨਾ ਦੀ ਗਿਣਤੀ ਦੀ ਸੈਟਿੰਗ,Ghattam Ghatna Di Sthapna
powerline transmission topic,ਪਾਵਰਲਾਈਨ ਪ੍ਰਸਾਰਣ ਵਿਸ਼ਾ,pawarlain transmission topic
poster paper,ਪੋਸਟਰ ਪੇਪਰ,poster paper
has been assigned,ਨੂੰ ਸੌਂਪਿਆ ਗਿਆ ਹੈ,sambh saump ditaa gia hai
oc chair,oc ਕੁਰਸੀ,sammelan adhikaaree
has home page,ਹੋਮ ਪੇਜ ਹੈ,hoM pej hai
bronze sponzor of conference,ਕਾਨਫਰੰਸ ਦਾ ਕਾਂਸੀ ਸਪਾਂਸਰ,kanshi sponsor dwara
house of a company being a sponsor,ਇੱਕ ਕੰਪਨੀ ਦਾ ਘਰ ਸਪਾਂਸਰ ਹੈ,ika kapani da ghara spanser hai
day assigned for a trip,ਯਾਤਰਾ ਲਈ ਨਿਰਧਾਰਤ ਦਿਨ,yatra lai niradharat din
has keywords,ਕੀਵਰਡ ਹਨ,keyword han
introduction of speaker,ਸਪੀਕਰ ਦੀ ਜਾਣ-ਪਛਾਣ,speaker da parichay
registration fee for student,ਵਿਦਿਆਰਥੀ ਲਈ ਰਜਿਸਟਰੇਸ਼ਨ ਫੀਸ,Vidyaarthi lai registration fees
"has been decided (to be accepted, rejected, ...)","ਫੈਸਲਾ ਕੀਤਾ ਗਿਆ ਹੈ (ਸਵੀਕਾਰ ਕੀਤਾ ਜਾਣਾ, ਅਸਵੀਕਾਰ ਕੀਤਾ ਜਾਣਾ, ...)",faisla ho chukka hai
call for participation,ਸ਼ਮੂਲੀਅਤ ਲਈ ਕਾਲ ਕਰੋ,Bhaag Lain Vali Sada
assigned by reviewer,ਸਮੀਖਿਅਕ ਦੁਆਰਾ ਨਿਰਧਾਰਤ ਕੀਤਾ ਗਿਆ ਹੈ,sameekhiak dwaara sanjha keeta gya
registered applicant,ਰਜਿਸਟਰਡ ਬਿਨੈਕਾਰ,ristard aplaikent
organization,ਸੰਸਥਾ,sangathan
has submission deadline,ਜਮ੍ਹਾਂ ਕਰਨ ਦੀ ਸਮਾਂ ਸੀਮਾ ਹੈ,submishan di miyaad
one conference day,ਇੱਕ ਕਾਨਫਰੰਸ ਦਿਨ,ik kanfrans din
parallel and distributed computing topic,ਸਮਾਨਾਂਤਰ ਅਤੇ ਵੰਡਿਆ ਹੋਇਆ ਕੰਪਿਊਟਿੰਗ ਵਿਸ਼ਾ,Samantar ate Vitrit Computing Visa
workshop session,ਵਰਕਸ਼ਾਪ ਸੈਸ਼ਨ,workshop session
participant,ਭਾਗੀਦਾਰ,Bhagidar
coffee break,ਕਾਫੀ ਬਰੇਕ,kafi break
part of,ਦਾ ਹਿੱਸਾ,dā hissā
government organization,ਸਰਕਾਰੀ ਸੰਸਥਾ,sarakaari sangathan
paper presented as,ਪੇਪਰ ਦੇ ਰੂਪ ਵਿੱਚ ਪੇਸ਼ ਕੀਤਾ,pesch keeta kaagaz
award for best research paper,ਸਭ ਤੋਂ ਵਧੀਆ ਖੋਜ ਪੱਤਰ ਲਈ ਪੁਰਸਕਾਰ,sarvotam khoj patr pursakar
is sent before,ਅੱਗੇ ਭੇਜਿਆ ਜਾਂਦਾ ਹੈ,ton pahila bhijia janda hai
organises,ਸੰਗਠਿਤ ਕਰਦਾ ਹੈ,aayojit karda hai
deals with topic,ਵਿਸ਼ੇ ਨਾਲ ਨਜਿੱਠਦਾ ਹੈ,Visha Naal Sambandhit
academic institution,ਅਕਾਦਮਿਕ ਸੰਸਥਾ,akademic sansatha
submit of paper,ਕਾਗਜ਼ ਜਮ੍ਹਾਂ ਕਰੋ,kgaza jamha karo
registration fee for member of sigkdd,ਸਿਗਕੇਡੀਡੀ ਦੇ ਮੈਂਬਰ ਲਈ ਰਜਿਸਟ੍ਰੇਸ਼ਨ ਫੀਸ,Sigkeddi Dee Member Lai Registration Fees
external reviewer,ਬਾਹਰੀ ਸਮੀਖਿਅਕ,Bahri Sameekhiak
departure tax,ਰਵਾਨਗੀ ਟੈਕਸ,Prasthaan Tax
social event,ਸਮਾਜਿਕ ਘਟਨਾ,samajik samaagam
activity of renting a car,ਕਾਰ ਕਿਰਾਏ 'ਤੇ ਲੈਣ ਦੀ ਗਤੀਵਿਧੀ,kaar kiraae te lena
has relevant administrative event,ਸੰਬੰਧਿਤ ਪ੍ਰਬੰਧਕੀ ਘਟਨਾ ਹੈ,prashaskee ghatna naal sambandh hai
author of student paper,ਵਿਦਿਆਰਥੀ ਪੇਪਰ ਦੇ ਲੇਖਕ,Vidyaarthee paper da lekhak
enable virtual meeting,ਵਰਚੁਅਲ ਮੀਟਿੰਗ ਨੂੰ ਸਮਰੱਥ ਬਣਾਓ,Virtual meeting di agya dena
review of paper,ਕਾਗਜ਼ ਦੀ ਸਮੀਖਿਆ,kagaza di samikhi
meeting room,ਮੀਟਿੰਗ ਕਮਰੇ,meeting room
hall of conference,ਕਾਨਫਰੰਸ ਦਾ ਹਾਲ,conference da hall
setting of maximal number of event,ਘਟਨਾ ਦੀ ਵੱਧ ਤੋਂ ਵੱਧ ਗਿਣਤੀ ਦੀ ਸੈਟਿੰਗ,Ghatna di adhiktam giniti set karna
has submitted contribution,ਨੇ ਯੋਗਦਾਨ ਪਾਇਆ ਹੈ,yogdaan submit kita hai
conference manuscript date and time deadline,ਕਾਨਫਰੰਸ ਹੱਥ-ਲਿਖਤ ਦੀ ਮਿਤੀ ਅਤੇ ਸਮਾਂ ਆਖਰੀ ਮਿਤੀ,konfrans kharde di miti ate saman di antim tareekh
prepares,ਤਿਆਰ ਕਰਦਾ ਹੈ,tiyaar karda hai
paper author,ਪੇਪਰ ਲੇਖਕ,paper lekhak
author of paper,ਕਾਗਜ਼ ਦੇ ਲੇਖਕ,lekhak dwaara
conference venue,ਕਾਨਫਰੰਸ ਸਥਾਨ,conference sthaan
accept rating,ਰੇਟਿੰਗ ਸਵੀਕਾਰ ਕਰੋ,Sweekaar Darja
social activity,ਸਮਾਜਿਕ ਗਤੀਵਿਧੀ,samajik gatividhi
adjust,ਵਿਵਸਥਿਤ ਕਰੋ,vivasathita karna
is paid with,ਨਾਲ ਭੁਗਤਾਨ ਕੀਤਾ ਜਾਂਦਾ ਹੈ,nall  bhugtaan keeta jaanda hai
registration fee paid by an attending author for receiving proceedings as cd,ਸੀਡੀ ਵਜੋਂ ਕਾਰਵਾਈ ਪ੍ਰਾਪਤ ਕਰਨ ਲਈ ਹਾਜ਼ਰ ਲੇਖਕ ਦੁਆਰਾ ਅਦਾ ਕੀਤੀ ਗਈ ਰਜਿਸਟ੍ਰੇਸ਼ਨ ਫੀਸ,seedi de roop vich prakashan praapt karne liye bhaag lain wale lekhak dwara ada keeta registreshan shulka
speaker giving a lecture in front of the plenum,ਪਲੇਨਮ ਦੇ ਸਾਹਮਣੇ ਭਾਸ਼ਣ ਦਿੰਦੇ ਹੋਏ ਬੁਲਾਰੇ,Plinam de saamne bhaashan den vaala speaker
medicine topic,ਦਵਾਈ ਦਾ ਵਿਸ਼ਾ,davaai visa
activity taking place before conference,ਕਾਨਫਰੰਸ ਤੋਂ ਪਹਿਲਾਂ ਹੋ ਰਹੀ ਗਤੀਵਿਧੀ,konfrans ton pehlaaN dee gatividhi
hotel,ਹੋਟਲ,hotel
organising agency,ਆਯੋਜਨ ਏਜੰਸੀ,Aayojan Ejansee Duaara
activity of modelling,ਮਾਡਲਿੰਗ ਦੀ ਗਤੀਵਿਧੀ,Modling di gatividhi
enter review criteria,ਸਮੀਖਿਆ ਮਾਪਦੰਡ ਦਰਜ ਕਰੋ,Sameekhya Maapdand Dakhil Karo
organizational meeting,ਸੰਗਠਨਾਤਮਕ ਮੀਟਿੰਗ,sangathnatmak meeting
review written by,ਦੁਆਰਾ ਲਿਖਿਆ ਗਿਆ ਸਮੀਖਿਆ,duara likhi agia samikhia
starting date,ਸ਼ੁਰੂਆਤੀ ਮਿਤੀ,Shuruaati Miti
deadline of abstract submission,ਐਬਸਟਰੈਕਟ ਪੇਸ਼ ਕਰਨ ਦੀ ਅੰਤਮ ਤਾਰੀਖ,aibasataraikara pesa karana di atama tarikha
publisher of proceedings is,ਕਾਰਵਾਈ ਦਾ ਪ੍ਰਕਾਸ਼ਕ ਹੈ,karavai da prakasaka hai
event is being held at,ਸਮਾਗਮ ਇੱਥੇ ਆਯੋਜਿਤ ਕੀਤਾ ਜਾ ਰਿਹਾ ਹੈ,samagama ithe aayojit keeta ja raha hai
expertise degree of reviewer,ਸਮੀਖਿਅਕ ਦੀ ਮੁਹਾਰਤ ਦੀ ਡਿਗਰੀ,sameekhyakaar di maahree  di darja
review question,ਸਮੀਖਿਆ ਸਵਾਲ,Sameekhya Sawal
has date,ਮਿਤੀ ਹੈ,Miti hai
chairman,ਚੇਅਰਮੈਨ,chairman
trip,ਯਾਤਰਾ,yatra
run paper asignmedt tools,ਪੇਪਰ ਅਸਾਈਨਮੇਟ ਟੂਲ ਚਲਾਓ,kagaz assignment tools calao
rejection,ਅਸਵੀਕਾਰ,asavikara
computer networks switching topic,ਕੰਪਿਊਟਰ ਨੈੱਟਵਰਕ ਬਦਲਣ ਦਾ ਵਿਸ਼ਾ,kampiyutar netavark switching visha
has postal code,ਡਾਕ ਕੋਡ ਹੈ,Daak Kod Hai
award for best application paper,ਸਭ ਤੋਂ ਵਧੀਆ ਐਪਲੀਕੇਸ਼ਨ ਪੇਪਰ ਲਈ ਪੁਰਸਕਾਰ,sarvotam application paper lai pursakar
paper,ਕਾਗਜ਼,paper
is menu of,ਦਾ ਮੇਨੂ ਹੈ,menū dā hai
reviews contribution,ਸਮੀਖਿਆ ਯੋਗਦਾਨ,Sameekhya Yogdaan
city where a presenter comes from,ਉਹ ਸ਼ਹਿਰ ਜਿੱਥੋਂ ਪੇਸ਼ਕਾਰ ਆਉਂਦਾ ਹੈ,shahar
write paper,ਕਾਗਜ਼ ਲਿਖੋ,khoj pattar
has name,ਨਾਮ ਹੈ,naam hai
has fax,fex ਹੈ,feks hai
activity of simulating,ਸਿਮੂਲੇਟਿੰਗ ਦੀ ਗਤੀਵਿਧੀ,anukaran di gatividhi
has currency of cost,ਲਾਗਤ ਦੀ ਮੁਦਰਾ ਹੈ,kharch di mudra hai
invited by reviewer,ਸਮੀਖਿਅਕ ਦੁਆਰਾ ਸੱਦਾ ਦਿੱਤਾ ਗਿਆ,sameekhiak dwaara sadiya gia
needs,ਲੋੜਾਂ,loṛāṅ
powerpoint presentation,ਪਾਵਰਪੁਆਇੰਟ ਪੇਸ਼ਕਾਰੀ,powerpoint peshekari
writes,ਲਿਖਦਾ ਹੈ,likhda hai
author who will receive proceedings as cd,ਲੇਖਕ ਜਿਸਨੂੰ ਸੀਡੀ ਵਜੋਂ ਕਾਰਵਾਈ ਪ੍ਰਾਪਤ ਹੋਵੇਗੀ,seedi de roop vich conference samagri praapt karne vaala lekhak
participant of conference,ਕਾਨਫਰੰਸ ਦੇ ਭਾਗੀਦਾਰ,konfrans da hissedaar
excursion,ਸੈਰ-ਸਪਾਟਾ,ekskarshan
tax,ਟੈਕਸ,taxs
organize conference,ਕਾਨਫਰੰਸ ਦਾ ਆਯੋਜਨ ਕਰੋ,konfrans da aayojan
workshop paper,ਵਰਕਸ਼ਾਪ ਪੇਪਰ,workshop paper
is member of,ਦਾ ਮੈਂਬਰ ਹੈ,mainbar hai
date of abstract submission,ਸੰਖੇਪ ਸਪੁਰਦਗੀ ਦੀ ਮਿਤੀ,amurut di taareekh da sabmishan
presenter,ਪੇਸ਼ਕਾਰ,peshekhar
submitted contribution,ਜਮ੍ਹਾਂ ਕੀਤਾ ਯੋਗਦਾਨ,Bheji Gai Yogdaan
person active at conference,ਕਾਨਫਰੰਸ ਵਿੱਚ ਸਰਗਰਮ ਵਿਅਕਤੀ,konfrans vich sargarm
conference paper date and time deadline,ਕਾਨਫਰੰਸ ਪੇਪਰ ਦੀ ਮਿਤੀ ਅਤੇ ਸਮਾਂ ਆਖਰੀ ਮਿਤੀ,kagaz di miti ate saman di darkhast di aakhri tareekh
ngo,ਐਨਜ,NGO
makes presentation,ਪੇਸ਼ਕਾਰੀ ਕਰਦਾ ਹੈ,peskari karda hai
amount of money,ਪੈਸੇ ਦੀ ਮਾਤਰਾ,paise di matara
mark conflict of interest,ਹਿੱਤ ਦੇ ਟਕਰਾਅ ਨੂੰ ਚਿੰਨ੍ਹਿਤ ਕਰੋ,hit da takrao darj karo
neutral review,ਨਿਰਪੱਖ ਸਮੀਖਿਆ,nirpak samikha
meal,ਭੋਜਨ,bhojan
house of a presenter,ਇੱਕ ਪੇਸ਼ਕਾਰ ਦਾ ਘਰ,peshekhar da ghar
conference hall,ਕਾਨਫਰੰਸ ਹਾਲ,conference hall
applicant for conference who lately paid conference fee,ਕਾਨਫਰੰਸ ਲਈ ਬਿਨੈਕਾਰ ਜਿਸਨੇ ਹਾਲ ਹੀ ਵਿੱਚ ਕਾਨਫਰੰਸ ਫੀਸ ਅਦਾ ਕੀਤੀ ਹੈ,conference fee ada keeti wala arzeedhaar
belongs to event,ਘਟਨਾ ਨਾਲ ਸਬੰਧਤ ਹੈ,Ghatna Nal Sambandhit
has bid,ਨੇ ਬੋਲੀ ਲਗਾਈ ਹੈ,boli lagai hai
write review,ਸਮੀਖਿਆ ਲਿਖੋ,sameekhya likho
registration fee for member of sigmod,ਸਿਗਮੋਡ ਦੇ ਮੈਂਬਰ ਲਈ ਰਜਿਸਟ੍ਰੇਸ਼ਨ ਫੀਸ,Sigmod member lai registration fee
speaks at time or in place,ਸਮੇਂ ਜਾਂ ਜਗ੍ਹਾ ਤੇ ਬੋਲਦਾ ਹੈ,smein jaan thaen 'te bolda hai
steering committee of conference is,ਕਾਨਫਰੰਸ ਦੀ ਸਟੀਅਰਿੰਗ ਕਮੇਟੀ ਹੈ,conference di steering committee
lcd projector,ਐਲਸੀਡੀ ਪ੍ਰੋਜੈਕਟਰ,LCD projector
is sent by,ਦੁਆਰਾ ਭੇਜਿਆ ਜਾਂਦਾ ਹੈ,dwaara bhejia gya
