0,Meta-Reviewer,मेटा समीक्षाक,Done,,
1,Reviewer,समीक्षाक,Done,,
2,Decision,निर्णय,Done,,
3,Person,व्यक्ति,Done,,
4,Document,दस्तावेज़,Done,,
5,Preference,पसंद,Done,,
6,ProgramCommittee,कार्यक्रम समिति,Done,,
7,Bid,बोली लगाना,Done,,
8,Conference,सम्मेलन,Done,,
9,ConferenceChair,सम्मेलन अध्यक्ष,Done,,
10,ConferenceMember,सम्मेलन सदस्य,Done,,
11,AssociatedChair,एसोसिएटेड चेयर,Recheck,,
12,ProgramCommitteeMember,कार्यक्रम समिति सदस्य,Done,,
13,AuthorNotReviewer,समीक्षकनहींलेखक,Done,,
14,SubjectArea,विषय क्षेत्र,Done,,
15,ExternalReviewer,बाहरी समीक्षक,Done,,
16,Chairman,अध्यक्ष,Done,,
17,ProgramCommitteeChair,कार्यक्रम समिति अध्यक्ष,Done,,
18,Acceptance,स्वीकृति,Done,,
19,Rejection,अस्वीकृति,Done,,
20,Review,समीक्षा,Done,,
21,Paper,शोध पत्र,Done,,
22,Author,लेखक,Done,,
23,User,उपयोगकर्ता,Done,,
24,Co-author,सह-लेखक,Done,,
25,PaperAbstract,शोध पत्र सार,Done,,
26,PaperFullVersion,पूर्ण शोध पत्र,Done,,
27,Administrator,प्रशासक,Done,,
28,Meta-Review,मेटा समीक्षा,Done,,
29,assignedByReviewer,समीक्षक द्वारा सौंपा गया,Done,,
30,hasDecision,निर्णय है,Done,,
31,readByReviewer,समीक्षक द्वारा पढ़ा गया,Done,,
32,hasConflictOfInterest,हितों का टकराव है,Done,,
33,finalizePaperAssignment,शोध पत्र कार्यभार को अंतिम रूप दें,Done,,
34,paperAssignmentFinalizedBy,शोध पत्र कार्यभार को अंतिम रूप दिया गया,Done,,
35,hasConferenceMember,है सम्मेलन सदस्य,Done,,
36,memberOfConference,सम्मेलन के सदस्य,Done,,
37,runPaperAssignmentTools,शोध पत्र कार्यभार के उपकरण को चलाना,Done,,
38,paperAssignmentToolsRunBy,शोध पत्र कार्यभार के उपकरण द्वार चलाए गए,Recheck,,
39,enableVirtualMeeting,आभासी बैठक सक्षम करें,Done,,
40,virtualMeetingEnabledBy,आभासी बैठक सक्षम द्वार करी गई,Recheck,,
41,hasProgramCommitteeMember,है कार्यक्रम समिति सदस्य,Done,,
42,memberOfProgramCommittee,कार्यक्रम समिति के सदस्य है,Done,,
43,startReviewerBidding,समीक्षक की बोली प्रारंभ करे,Done,,
44,reviewerBiddingStartedBy,द्वार समीक्षक बोली शूरु करी गायी,Done,,
45,assignReviewer,समीक्षक नियुक्त करें,Done,,
46,assignedByAdministrator,प्रशासक द्वारा सौंपा गया,Done,,
47,reviewCriteriaEnteredBy,समीक्षा मापदंड द्वारा दर्ज,Done,,
48,enterReviewCriteria,समीक्षा मापदंड दर्ज करें,Done,,
49,hasCo-author,सह लेखक,Done,,
50,co-writePaper,सह लेखन शोध पत्र,Done,,
51,rejectPaper,अस्वीकृत शोध पत्र,Done,,
52,endReview,अंत समीक्षा,Done,,
53,hasBid,है बिद,Done,,
54,adjustBid,समायोजित बोली,Done,,
55,adjustedBy,द्वारा समायोजित,Done,,
56,readPaper,शोध पत्र पढ़ें,Done,,
57,hardcopyMailingManifestsPrintedBy,हार्डकॉपी मेलिंग मैनिफेस्ट द्वारा मुद्रित किया गया,Done,,
58,printHardcopyMailingManifests,प्रिंट हार्ड कॉपी मेलिंग मैनिफेस्ट,,,
59,markConflictOfInterest,हितों के टकराव को चिह्नित करें,Done,,
60,enterConferenceDetails,सम्मेलन विवरण दर्ज करें,Done,,
61,detailsEnteredBy,विवरण दर्ज द्वारा,Done,,
62,hasBeenAssigned,प्रभार दिया जा चुका है,Done,,
63,assignedTo,को सौंपना,Done,,
64,setMaxPapers,अधिकतम शोध पत्र निर्धारित करें,Done,,
65,hasSubjectArea,विषयक्षेत्र है,Done,,
66,submitPaper,शोध पत्र प्रस्तुत करे,Done,,
67,acceptPaper,शोध पत्र स्वीकार करें,Done,,
68,hasAuthor,है लेखक,Done,,
69,addedBy,द्वारा जोड़ा,Done,,
70,acceptedBy,इसके द्वारा स्वीकृत,Done,,
71,rejectedBy,द्वारा अस्वीकृत किया गया,Done,,
72,readByMeta-Reviewer,मेटा-समीक्षक द्वारा पढ़ा गया ,Done,,
73,writtenBy,द्वारा लिखित,Done,,
74,writeReview,समीक्षा लिखो,Done,,
75,assignExternalReviewer,असाइन करेंबाहरी समीक्षक,Recheck,,
76,writePaper,शोध पत्र लिखें,Done,,
77,addProgramCommitteeMember,कार्यक्रम जोड़ें समिति सदस्य,Recheck,,
78,readByMeta-Reviewer,मेटा-समीक्षक द्वारा पढ़ा गया,Done,,
79,rejectedBy,द्वारा अस्वीकृत किया गया,Done,,
80,adjustedBy,समायोजित द्वारा,Done,,
81,hasDecision,निर्णय है,Done,,
82,assignedByReviewer,समीक्षक द्वारा सौंपा गया,Done,,
83,name,नाम,Done,,
84,paperID,शोध पत्र पहचान संख्या,Done,,
85,reviewsPerPaper,प्रति पेपर समीक्षाएं,Done,,
86,maxPapers,अधिकतम शोध पत्र,Done,,
87,logoURL,प्रतीक चिन्ह यूआरएल,Done,,
88,acceptsHardcopySubmissions,हार्डकॉपी सबमिशन स्वीकार करता है,Done,,
89,title,शीर्षक,Done,,
90,acceptPaper,शोध पत्र स्वीकार करें,Done,,
91,acceptedBy,इसके द्वारा स्वीकृत,Done,,
92,hasAuthor,है लेखक,Done,,
93,siteURL,साइट यूआरएल,Recheck,,
94,addedBy,द्वारा जोड़ा,Done,,
95,writtenBy,द्वारा लिखित,Done,,
96,name,नाम,Done,,
97,date,दिनांक,Done,,
98,reviewsPerPaper,प्रति पेपर समीक्षाएं,Done,,
99,paperID,शोध पत्र पहचान संख्या,Done,,
100,maxPapers,अधिकतम शोध पत्र,Done,,
101,email,ईमेल,Recheck,,
102,logoURL,प्रतीक चिन्ह यूआरएल,Done,,
103,acceptsHardcopySubmissions,हार्डकॉपी सबमिशन स्वीकार करता है,Done,,
104,title,शीर्षक,Done,,
105,siteURL,साइट यूआरएल,Recheck,,
106,rejectPaper,अस्वीकृत कागज,Recheck,,
107,hasBid,है बोली,Done,,
108,adjustBid,समायोजित बोली,Done,,
109,assignExternalReviewer,असाइन करेंबाहरी समीक्षक,Recheck,,
110,acceptPaper,शोध पत्र स्वीकार करें,Done,,
111,writePaper,शोध पत्र लिखें,Done,,
112,addProgramCommitteeMember,कार्यक्रम जोड़ें समिति सदस्य,Recheck,,
113,acceptedBy,इसके द्वारा स्वीकृत,Done,,
114,writeReview,समीक्षा लिखो,Done,,
115,Workshop,कार्यशाला,Done,,
116,Event,कार्यक्रम,Done,,
117,Account,खाता,Done,,
118,Inforamtion,जानकारी,Done,,
119,User,उपयोगकर्ता,Done,,
120,Role,भूमिका,Done,,
121,Help_Request,मदद अनुरोध,Done,,
122,Person,व्यक्ति,Done,,
123,Symposium,संगोष्ठी,Done,,
124,Abstract,सार,Done,,Event
125,Paper,शोध पत्र,Done,,
126,Administrator,प्रशासक,Done,,
127,Document,दस्तावेज़,Done,,
128,Invited_Paper,आमंत्रित कागज,Recheck,,
129,Admin_Role,व्यवस्थापक भूमिका,Done,,
130,Paper_Typologies,शोध पत्र टाइपोलॉजी,Recheck,,
131,Event_Setup,कार्यक्रम सेटअप,Recheck,,
132,Event_URL,कार्यक्रम यूआरएल,Recheck,,
133,URL,यूआरएल,,,
134,Notification_Email,अधिसूचना ईमेल,Recheck,,
135,Email,ईमेल,Recheck,,
136,Short_Paper,छोटा शोध पत्र,Done,,
137,Author_Role,लेखक की भूमिका,Done,,
138,Preview,पूर्वावलोकन,Done,,
139,Review_Form,समीक्षा प्रपत्र,Done,,
140,Review,समीक्षा,Done,,
141,Committe_Role,समिति भूमिका,Done,,
142,Group_Email,समूह ईमेल,Done,,
143,Submission_Template,जमा करने की टेम्पलेट,Recheck,Template,
144,Review_Form_Setup,समीक्षा प्रपत्र व्यवस्था,Done,,
145,Misc,विविध,Done,,
146,Author,लेखक,Done,,
147,Event_Creation,कार्यक्रम निर्माण,Recheck,,
148,Approval_Email,स्वीकृति ईमेल,Done,,
149,Rejection_Email,अस्वीकृति ईमेल,Recheck,,
150,Submission,जमा करना,Done,,
151,Template,टेम्पलेट,,,
152,Feature_Request,महत्वपूर्ण लेख मांगना,Done,,
153,Committee,समिति,Done,,
154,Event_Tracks,कार्यक्रम ट्रैक,Recheck,,
155,Request,प्रार्थना,Done,,
156,Activity,गतिविधि,Done,,
157,Head_Role,मुखिया भूमिका,Done,,
158,Detail,विवरण,Done,,
159,Corresponding_Author,अनुरूपी लेखक,Done,,
160,Reviewer_Role,समीक्षक भूमिका,Done,,
161,Event_Approval,कार्यक्रम स्वीकृति,Done,,
162,Registration,पंजीकरण,Done,,
163,Full_Paper,पूर्ण शोध पत्र,Done,,
164,Research_Topic,शोध विषय,Done,,
165,Description,विवरण,Done,,
166,Conference,सम्मेलन,Done,,
167,Assistance,सहायता,Done,,
168,Email_Template,ईमेल टेम्पलेट,Recheck,,
169,register,पंजी,Recheck,,
170,execute,निष्पादित,Recheck,,
171,take_part_in,भाग लेना,Done,,
172,assigned_by,द्वारा सौंपा,Done,,
173,created_by,के द्वारा बनाई गई,Done,,
174,used_by,द्वारा इस्तेमाल किया,,,
175,concerned,सम्बंधित,Done,,
176,define,परिभाषित करना,Done,,
177,recieved_by,द्वारा प्राप्त,Done,,
178,recieve,प्राप्त,Done,,
179,conists_of,के होते हैं,Done,,
180,confirmed_by,पक्का करना,Done,,
181,modified_by,द्वारा संशोधित,Done,,
182,submited__by,सबमिट किया गया__द्वारा,,,
183,approve,मंजूर,Done,,
184,get,प्राप्त,Done,,
185,confirm,पुष्टि करें,Done,,
186,inverse_of_add,उलटा ऑफ जोड़,Recheck,,
187,create,बनाना,Done,,
188,use,उपयोग,Done,,
189,owns,मालिक,Recheck,,
190,submit,प्रस्तुत,Done,,
191,modify,संशोधित,Done,,
192,registred_by,द्वारा पंजीकृत,Done,,
193,approved_by,के द्वारा अनुमोदित,Done,,
194,defined_by,द्वारा परिभाषित,Done,,
195,remove,हटाना,Done,,
196,add,जोड़ें,Done,,
197,send,भेजना,Done,,
198,has_result,परिणाम है,Done,,
199,assign,सौंपना,Done,,
200,sent_by,द्वारा भेजा,Done,,
201,added_by,द्वारा जोड़ा,Done,,
202,removed_by,द्वारा हटाया गया,Done,,
203,send,भेजना,Done,,
204,remove,हटाना,Done,,
205,add,जोड़ें,Done,,
206,has_result,परिणाम है,Done,,
207,assign,सौंपना,Done,,
208,removed_by,द्वारा हटाया गया,Done,,
209,added_by,द्वारा जोड़ा,Done,,
210,sent_by,द्वारा भेजा,Done,,
211,Conference_participant,सम्मेलन प्रतिभागी,Done,,
212,Active_conference_participant,सक्रिय सम्मेलन प्रतिभागी,Done,,
213,Passive_conference_participant,निष्क्रिय सम्मेलन प्रतिभागी,Done,,
214,Person,व्यक्ति,Done,,
215,Review_expertise,समीक्षा विशेषज्ञ,Done,,
216,Submitted_contribution,सबमिट किया गया_योगदान,,,
217,Reviewer,समीक्षाक,Done,,
218,Regular_author,नियमित लेखक,Done,,
219,Conference_contributor,सम्मेलन योगदानकर्ता,Done,,
220,Contribution_1th-author,योगदान पहला लेखक,Done,,
221,Contribution_co-author,योगदान सह लेखक,Done,,
222,Conference_contribution,सम्मेलन योगदान,Done,,
223,Co-chair,सह अध्यक्ष,Done,,
224,Committee,समिति,Done,,
225,Committee_member,समिति सदस्य,Done,,
226,Abstract,सार,Done,,settings
227,Extended_abstract,विस्तारित सार,Done,,
228,Important_dates,महत्वपूर्ण तिथियाँ,Done,,
229,Invited_speaker,आमंत्रित अध्यक्ष,Done,,
230,Conference_proceedings,सम्मेलन की कार्यवाही,Done,,
231,Information_for_participants,जानकारी प्रतिभागियों के लिए,Done,,
232,Conference_document,सम्मेलन दस्तावेज़,Done,,
233,Organization,संगठन,Done,,
234,Regular_contribution,नियमित योगदान,Done,,
235,Poster,पोस्टर,Done,,
236,Written_contribution,लिखित_योगदान,,,
237,Conference_applicant,सम्मेलन आवेदक,Done,,
238,Camera_ready_contribution,कैमरा तैयार योगदान,Done,,
239,Accepted_contribution,स्वीकृत योगदान,Done,,
240,Program_committee,कार्यक्रम समिति,Done,,
241,Organizing_committee,आयोजन समिति,Done,,
242,Steering_committee,संचालन समिति,Done,,
243,Conference_volume,सम्मेलन की मात्रा,Done,,
244,Conference,सम्मेलन,Done,,
245,Call_for_paper,शोध पत्रों के लिए कॉल,Done,,
246,Conference_announcement,सम्मेलन घोषणा,Done,,
247,Paper,शोध पत्र,Done,,
248,Invited_talk,आमंत्रित बात,Recheck,,
249,Conference_part,सम्मेलन भाग,Done,,
250,Presentation,प्रस्तुति,Done,,
251,Chair,अध्यक्ष,Done,,
252,Track,संकरा रास्ता,,,
253,Workshop,कार्यशाला,Done,,
254,Tutorial,ट्यूटोरियल,,,
255,Rejected_contribution,अस्वीकृत योगदान,Done,,
256,Reviewed_contribution,समीक्षित योगदान,Done,,
257,Review,समीक्षा,Done,,
258,Topic,विषय,Done,,
259,Late_paid_applicant,देर से भुगतान करने वाला आवेदक,Done,,
260,Paid_applicant,भुगतान आवेदक,Recheck,,
261,Early_paid_applicant,अर्ली पेड आवेदक,Recheck,,
262,Organizer,व्यवस्था करने वाला,Done,,
263,Call_for_participation,भागीदारी के लिए कॉल,Done,,
264,Publisher,प्रकाशक,Done,,
265,Registeered_applicant,पंजीकृत आवेदक,Done,,
266,Track-workshop_chair,ट्रैक-कार्यशाला_कुर्सी,,,
267,Conference_www,सम्मेलन_www,Recheck,,
268,Conference_fees,सम्मेलन शुल्क,Done,,
269,Review_preference,समीक्षा वरीयता,Done,,
270,has_a_submitted_contribution,सबमिट किया गया योगदान है,Done,,
271,belongs_to_reviewers,समीक्षकों के अंतर्गत आता है,Done,,
272,contributes,योगदान,Done,,
273,was_a_committe_co-chair_of,की एक समिति के सह-अध्यक्ष थे,Done,,
274,was_a_member_of,का सदस्य था,Done,,
275,has_authors,लेखक हैं,Done,,
276,was_a_track-workshop_chair_of,की एक ट्रैक-कार्यशाला की कुर्सी थी,Recheck,,
277,has_a_topic_or_a_submission_contribution,विषय या सबमिशन योगदान है,Done,,
278,was_an_organizing_committee_of,की एक आयोजन समिति थी,Done,,
279,has_an_organizing_committee,एक आयोजन समिति है,Done,,
280,was_a_committee_of,की एक समिति थी,Done,,
281,was_a_program_committee_of,की एक कार्यक्रम समिति थी,Done,,
282,has_parts,भाग है,Done,,
283,is_part_of_conference_volumes,सम्मेलन संस्करणों का हिस्सा है,Done,,
284,invites_co-reviewers,आमंत्रित सह-समीक्षक,Done,,
285,invited_by,द्वारा आमंत्रित,Done,,
286,has_workshops,कार्यशालाएं हैं,Done,,
287,has_members,है सदस्य,Done,,
288,is_submitted_at,पर प्रस्तुत किया गया है,Done,,
289,has_contributions,है योगदान,Done,,
290,has_a_review_reference_or_expertise,समीक्षा संदर्भ या विशेषज्ञता है,Done,,
291,belongs_to_a_review_reference,एक समीक्षा संदर्भ के अंतर्गत आता है,Done,,
292,has_tracks,ट्रैक हैं,Done,,
293,gives_presentations,प्रस्तुतियाँ देता है,Done,,
294,is_given_by,द्वारा दिया गया है,Done,,
295,has_a_review,समीक्षा है,Done,,
296,has_tutorials,ट्यूटोरियल है,Done,,
297,has_a_commtitee,समिति है,Done,,
298,has_a_steering_committee,एक संचालन समिति है,Done,,
299,was_a_steering_committee_of,की एक संचालन समिति थी,Done,,
300,has_a_track-workshop-tutorial_topic,एक ट्रैक कार्यशाला ट्यूटोरियल विषय है,Done,,
301,is_a_topis_of_conference_parts,सम्मेलन भागों का विषय है,Done,,
302,has_important_dates,महत्वपूर्ण तिथियां हैं,Done,,
303,has_a_committee_co-chair,समिति सह अध्यक्ष है,Done,,
304,has_a_committee_chair,समिति अध्यक्ष है,Done,,
305,reviews,समीक्षा,Done,,
306,has_a_publisher,प्रकाशक है,Done,,
307,has_an_abstract,एक सार है,Done,,
308,has_a_program_committee,कार्यक्रम समिति है,Done,,
309,has_a_track-workshop-tutorial_chair,एक ट्रैक कार्यशाला ट्यूटोरियल अध्यक्ष है,Done,,
310,belong_to_a_conference_volume,एक सम्मेलन मात्रा से संबंधित हैं,Done,,
311,issues,मुद्दे,Done,,
312,has_been_assigned_a_review_reference,एक समीक्षा संदर्भ सौंपा गया है,Done,,
313,was_a_committee_chair_of,की एक समिति के अध्यक्ष थे,Done,,
314,has_a_review_expertise,समीक्षा विशेषज्ञता है,Done,,
315,is_the_1th_part_of,का 1वाँ भाग है,Done,,
316,was_a_committee_chair_of,की एक समिति के अध्यक्ष थे,Done,,
317,was_an_organizing_committee_of,की एक आयोजन समिति थी,Done,,
318,was_a_program_committee_of,की एक कार्यक्रम समिति थी,Done,,
319,has_a_review_expertise,समीक्षा विशेषज्ञता है,Done,,
320,belongs_to_a_review_reference,एक समीक्षा संदर्भ के अंतर्गत आता है,Done,,
321,has_a_review,समीक्षा है,Done,,
322,was_a_steering_committee_of,की एक संचालन समिति थी,Done,,
323,has_been_assigned_a_review_reference,एक समीक्षा संदर्भ सौंपा गया है,Done,,
324,belong_to_a_conference_volume,एक सम्मेलन मात्रा से संबंधित हैं,Done,,
325,was_a_track-workshop_chair_of,की एक ट्रैक-कार्यशाला की कुर्सी थी,Recheck,,
326,issues,मुद्दे,Done,,
327,is_the_1th_part_of,का 1वाँ भाग है,Done,,
328,has_a_program_committee,कार्यक्रम समिति है,Done,,
329,has_a_submitted_contribution,सबमिट किया गया योगदान है,Done,,
330,reviews,समीक्षा,Done,,
331,has_a_steering_committee,एक संचालन समिति है,Done,,
332,has_an_organizing_committee,एक आयोजन समिति है,Done,,
333,has_a_topic_or_a_submission_contribution,विषय या सबमिशन योगदान है,Done,,
334,has_important_dates,महत्वपूर्ण तिथियां हैं,Done,,
335,has_a_committee_chair,समिति अध्यक्ष है,Done,,
336,has_a_track-workshop-tutorial_chair,एक ट्रैक कार्यशाला ट्यूटोरियल अध्यक्ष है,Done,,
337,has_a_name,नाम है,Done,,
338,has_a_degree,डिग्री है,Done,,
339,is_an_abstract_submission_date,सम्मेलन भागों का एक सार है,Done,,
340,has_gender,है लिंग,Done,,
341,is_a_full_paper_submission_date,एक पूर्ण शोध पत्र जमा करने की तिथि है,Done,,
342,has_an_ISBN,एक आईएसबीएन है,Done,,
343,has_a_date_of_issue,अंक करने की तारीख है,Done,,
344,has_a_publisher,प्रकाशक है,Done,,
345,has_a_URL,है यूआरएल,Done,,
346,has_the_last_name,उपनाम है,Done,,
347,has_an_abstract,एक सार है,Done,,
348,is_an_ending_date,एक समाप्ति तिथि है,Done,,
349,has_a_volume,है एक मात्रा,Done,,
350,is_a_date_of_acceptance_announcement,स्वीकृति घोषणा की तारीख है,Done,,
351,has_an_expertise,एक विशेषज्ञता है,Done,,
352,is_a_date_of_camera_ready_paper_submission,कैमरा रेडी पेपर सबमिशन की तारीख है,Recheck,,
353,is_a_starting_date,एक आरंभ तिथि है,Done,,
354,has_a_location,स्थान है,Done,,
355,has_an_email,एक ईमेल है,Done,,
356,has_the_first_name,पहला नाम है,Done,,
357,has_a_name,नाम है,Done,,
358,has_a_degree,डिग्री है,Done,,
359,is_an_abstract_submission_date,सम्मेलन भागों का एक सार है,Done,,
360,has_gender,है लिंग,Done,,
361,is_a_full_paper_submission_date,एक पूर्ण शोध पत्र जमा करने की तिथि है,Done,,
362,has_an_ISBN,एक आईएसबीएन है,Done,,
363,has_a_date_of_issue,अंक करने की तारीख है,Done,,
364,has_a_URL,है यूआरएल,Done,,
365,has_the_last_name,उपनाम है,Done,,
366,is_an_ending_date,एक समाप्ति तिथि है,Done,,
367,has_a_volume,है एक मात्रा,Done,,
368,is_a_date_of_acceptance_announcement,स्वीकृति घोषणा की तारीख है,Done,,
369,has_an_expertise,एक विशेषज्ञता है,Done,,
370,is_a_date_of_camera_ready_paper_submission,कैमरा रेडी पेपर सबमिशन की तारीख है,Recheck,,
371,is_a_starting_date,एक आरंभ तिथि है,Done,,
372,Accepted_Paper,स्वीकृत शोध पत्र,Done,,
373,paper,शोध पत्र,Done,,
374,Rejected_Paper,अस्वीकृत कागज,Recheck,,
375,Undecided_Paper,अनिर्णीत पेपर,Recheck,,
376,Manual_Paper_Assignment,मैनुअल_पेपर_असाइनमेंट,,,
377,Program_Committee_member,कार्यक्रम समिति सदस्य,Done,,
378,paper_assignment,शोध पत्र कार्यभार,Done,,
379,intensity,तीव्रता,Done,,
380,start_date_of_camera-ready_submission,कैमरा-रेडी सबमिशन की आरंभ तिथि,Done,,
381,camera-ready_submission_date,कैमरा तैयार जमा करने की तारीख,Done,,
382,date_of_notification,अधिसूचना की तिथि,Done,,
383,date,दिनांक,Done,,
384,article,लेख,Done,,
385,Contact_Person,संपर्क व्यक्ति,Done,,
386,conference,सम्मेलन,Done,,
387,bidding_of_reviewer,समीक्षक की बोली,Done,,
388,activity,गतिविधि,Done,,
389,URL,यूआरएल,,,
390,conference_setup,सम्मेलन सेटअप,Done,,
391,human,मानव,Done,,
392,managing_of_conference_process,सम्मेलन प्रक्रिया का प्रबंधन,Done,,
393,Program_Committee_Chair,कार्यक्रम समिति अध्यक्ष,Done,,
394,reviewing_proces,समीक्षा प्रक्रिया,Done,,
395,end_date_of_camera-ready_submission,कैमरा-रेडी सबमिशन की समाप्ति तिथि,Done,,
396,abstract_submission_date,सार सबमिशन तिथि,Done,,
397,group_email,समूह ईमेल,Done,,
398,Senior_Reviewer_URL,वरिष्ठ समीक्षक यूआरएल,Done,,
399,notification,अधिसूचना,Done,,
400,notification_email,अधिसूचना ईमेल,Recheck,,
401,Chair_URL,समिति अध्यक्ष यूआरएल,Done,,
402,abstract_of_paper,शोध पत्र का सार,Done,,
403,submission_process,जमा करने की प्रक्रिया,Done,,
404,topic,विषय,Done,,
405,lower_tier_reviewing_process,निम्न स्तरीय समीक्षा प्रक्रिया,Done,,
406,start_date_of_conference,सम्मेलन की शुरुआत की तारीख,Done,,
407,date_of_conference,सम्मेलन की तारीख,Done,,
408,Senior_Program_Committee_member,वरिष्ठ कार्यक्रम समिति सदस्य,Done,,
409,end_date_of_abstract_submission,सार प्रस्तुत करने की अंतिम तिथि,Done,,
410,phase_of_conference,सम्मेलन का चरण,Done,,
411,Regular_Program_Committee_member,नियमित कार्यक्रम समिति सदस्य,Done,,
412,review,समीक्षा,Done,,
413,start_date_of_full_paper_submission,पूर्ण पेपर जमा करने की आरंभ तिथि,Done,,
414,full_paper_submission_date,पूरा शोध पत्र जमा करने की तारीख,Done,,
415,start_date_of_abstract_submission,सार प्रस्तुत करने की आरंभ तिथि,Done,,
416,end_date_of_conference,सम्मेलन की समाप्ति तिथि,Done,,
417,review_form,समीक्षा प्रपत्र,Done,,
418,Automatic_Paper_Assignment,स्वचालित शोध पत्र असाइनमेंट,Done,,
419,institute,संस्था,Done,,
420,classification,वर्गीकरण,Done,,
421,summary_of_reviews,सारांश_ऑफ़_समीक्षा,,,
422,upper_tier_reviewing_process,अपर टियर रिव्यूइंग प्रोसेस,Recheck,,
423,end_date_of_full_paper_submission,पूर्ण शोध पत्र जमा करने की अंतिम तिथि,Done,,
424,acceptance_notification_email,स्वीकृति अधिसूचना ईमेल,Done,,
425,rejection_notification_email,अस्वीकृति सूचना ईमेल,Recheck,,
426,Contact_Person_URL,संपर्क व्यक्ति यूआरएल,Done,,
427,Regular_Reviewer_URL,नियमित समीक्षक यूआरएल,Done,,
428,manually_assign_paper,मैन्युअल रूप से_असाइन_पेपर,,,
429,has_author,लेखक है,Done,,
430,is_concerned_conference,सम्‍बन्‍धित सम्‍मेलन है,Done,,
431,is_performed_by,द्वारा किया जाता है,Done,,
432,has_intensity,है तीव्रता,Done,,
433,is_author_of,के लेखक हैं,Done,,
434,goes_through,के माध्यम से चला जाता है,Done,,
435,is_sent_to,को भेजा जाता है,Done,,
436,has_result,परिणाम है,Done,,
437,is_followed_by,द्वारा पीछा किया जाता है,,,
438,supervises,पर्यवेक्षण,Done,,
439,is_created_in,में बनाया गया है,Done,,
440,structure_created_by,द्वारा बनाई गई संरचना,Done,,
441,is_concerned_review,संबंधित समीक्षा है,Done,,
442,automatically_assign_paper,स्वचालित रूप से शोध पत्र असाइन करें,Done,,
443,is_employed_in,में कार्यरत है,Done,,
444,has_topic_of_interest,रुचि का विषय है,Done,,
445,sets_start_date_of_abstract_submission,सार प्रस्तुत करने की आरंभ तिथि निर्धारित करता है,Done,,
446,sets_start_date_of_conference,सम्मेलन की आरंभ तिथि निर्धारित करें,Done,,
447,includes_topic,शामिल विषय,Done,,
448,sets_end_date_of_conference,सम्मेलन की समाप्ति तिथि निर्धारित करें,Done,,
449,sets_Chair_URL,समिति अध्यक्ष यूआरएल निर्धारित करता है,Done,,
450,is_made_by,द्वारा बनाया गया है,Done,,
451,sets_start_date_or_full_paper_submission,पूर्ण शोध पत्र जमा करने की तिथि निर्धारित करता है,Done,,
452,sets_end_date_of_camera_ready_submission,कैमरा रेडी सबमिशन की समाप्ति तिथि निर्धारित करें,Recheck,,
453,sets_SPC_URL,एसपीसी URL निर्धारित करता है,Recheck,,
454,sets_end_date_full_paper_submission,पूर्ण पेपर जमा करने की अंतिम तिथि निर्धारित करता है,Done,,
455,sets_member_SPC,सदस्य एसपीसी निर्धारित करता है,Recheck,,
456,sets_member_PCC,सदस्य पीसीसी निर्धारित करता है,Recheck,,
457,sets_member_CP,सदस्य सीपी निर्धारित करता है,Recheck,,
458,sets_start_date_of_camera_ready_submission,कैमरा तैयार प्रस्तुत की आरंभ तिथि निर्धारित करता है,Done,,
459,sets_CP_URL,सेट सीपी यूआरएल,Recheck,,
460,sets_date_of_notification,अधिसूचना की तिथि निर्धारित करें,Done,,
461,sets_member_RPC,सदस्य आरपीसी निर्धारित करता है,Recheck,,
462,sets_end_date_of_abstract_submission,सार प्रस्तुत करने की अंतिम तिथि निर्धारित करें,Done,,
463,sets_RPC_URL,आरपीसी URL निर्धारित करता है,Recheck,,
464,performs_activity,प्रदर्शन गतिविधि,Done,,
465,is_in_phase,चरण में है,Done,,
466,is_supervised_by,द्वारा पर्यवेक्षण किया जाता है,Done,,
467,is_checked_in,चेक इन है,Recheck,,
468,sets_end_date,समाप्ति तिथि निर्धारित  करता है,Done,,
469,sets_member,सदस्य निर्धारित करता है,Done,,
470,sets_start_date,प्रारंभ तिथि निर्धारित करता है,Done,,
471,is_monitored_by,द्वारा निगरानी की जाती है,Done,,
472,assign_paper,असाइन पेपर,Recheck,,
473,is_concerned,संबद्ध है,Done,,
474,sets_date,तारीख निर्धारित करता है,Done,,
475,sets_URL,यूआरएल निर्धारित करता है,Done,,
476,is_concerned_confernce_setup,संबंधित सम्मेलन व्यवस्था है,Done,,
477,gives_classification,वर्गीकरण देता है,Done,,
478,is_concerned_paper,है_चिंतित_कागज,,,
479,is_concerned_paper,है_चिंतित_कागज,,,
480,is_concerned_confernce_setup,संबंधित सम्मेलन व्यवस्था है,Done,,
481,gives_classification,वर्गीकरण देता है,Done,,
482,sets_URL,यूआरएल निर्धारित करता है,Done,,
483,is_concerned_conference,सम्‍बन्‍धित सम्‍मेलन है,Done,,
484,sets_date,तारीख निर्धारित करता है,Done,,
485,has_intensity,है तीव्रता,Done,,
486,last_name,उपनाम,Done,,
487,is_concerned,संबद्ध है,Done,,
488,is_followed_by,द्वारा पीछा किया जाता है,,,
489,telephone,टेलीफ़ोन,,,
490,full_paper_size,पूर्ण शोध पत्र माप,Done,,
491,e-mail,ईमेल,Recheck,,
492,last_name,उपनाम,Done,,
493,first_name,प्रथम नाम,Done,,
494,Decision_Phase,निर्णय चरण,Done,,
495,Abstract_Submission_Phase,सार प्रस्तुत करने का चरण,Done,,
496,Setup_Phase,स्थापित करने का चरण,Done,,
497,Camera-ready_Paper_Submission_Phase,कैमरा के लिए तैयार शोध पत्र प्रस्तुत करने का चरण,Done,,
498,Full_Paper_Submission_Phase,पूर्ण शोध पत्र जमा करने का चरण,Done,,
499,Invitation_Phase,आमंत्रण चरण,Done,,
500,Bidding_Phase,बोली चरण,Done,,
501,Reviewing_Phase,समीक्षा चरण,Done,,
502,Publish_Reviewing_Results_Phase,समीक्षा परिणाम चरण प्रकाशित करें,Done,,
503,Assignment_Phase,असाइनमेंट चरण,Recheck,,
504,high,उच्च,Done,,
505,neutral,निष्पक्ष,Done,,
506,low,कम,Done,,
507,Strong_Reject,मजबूत अस्वीकार,Done,,
508,Weak_Reject,कमजोर अस्वीकार,Done,,
509,Strong_Accept,मजबूत स्वीकार,Done,,
510,Weak_Accept,कमजोर स्वीकार,Done,,
511,Trip,यात्रा,Done,,
512,Banquet,भोज,Done,,
513,Reception,स्वागत समारोह,Done,,
514,Social_event,सामाजिक कार्यक्रम,Done,,
515,Event,कार्यक्रम,Done,,
516,Contribution,योगदान,Done,,
517,City,शहर,Done,,
518,Organization,संगठन,Done,,
519,Person,व्यक्ति,Done,,
520,Topic,विषय,Done,,
521,Country,देश,Done,,
522,Company,संगठन,Done,,
523,University,विश्वविद्यालय,,,
524,Scholar,पंडित,Done,,
525,Administrator,प्रशासक,Done,,
526,Poster,पोस्टर,Done,,
527,Paper,शोध पत्र,Done,,
528,Short_paper,छोटा शोध पत्र,Done,,
529,Reviewing_results_event,समीक्षा परिणाम कार्यक्रम,Recheck,event,
530,Administrative_event,प्रशासनिक कार्यक्रम,Done,,
531,Reviewing_event,समीक्षा कार्यक्रम,Done,event,
532,Registration_of_participants_event,प्रतिभागियों की कार्यक्रम का पंजीकरण,Recheck,event,
533,Submission_event,जमा करने का कार्यक्रम,Done,event,
534,Camera_Ready_event,कैमरा रेडी कार्यक्रम,Done,,
535,Workshop,कार्यशाला,Done,,
536,Conference,सम्मेलन,Done,,
537,Tutorial,ट्यूटोरियल,,,
538,Working_event,कार्य घटना,Done,,
539,Member,सदस्य,Done,,
540,Participant,प्रतिभागी,Done,,
541,Member_PC,कार्यक्रम समिति सदस्य,Done,,
542,Chair_PC,कार्यक्रम समिति अध्यक्ष,Done,,
543,Student,विद्यार्थी,Done,,
544,Science_Worker,विज्ञान कार्यकर्ता,Done,,
545,Assistant,सहायक,Done,,
546,Volunteer,स्वयंसेवी,,,
547,Regular,नियमित,Done,,
548,Author,लेखक,Done,,
549,studyAt,में अध्ययन,Done,,
550,dealsWith,के साथ सौदें,Done,,
551,employedBy,के द्वारा नियुक्त,Done,,
552,hasCity,है शहर,Done,,
553,reviewes,समीक्षा,Done,,
554,expertOn,पर विशेषज्ञ,Done,,
555,hasTopic,विषय है,Done,,
556,writes,लेखन,,,
557,follows,इस प्रकार,Recheck,,
558,writtenBy,द्वारा लिखित,Done,,
559,parallel_with,समानांतर साथ,Done,,
560,hasAdministrativeEvent,प्रशासनिक कार्यक्रम है,Done,,
561,hasCountry,देश है,Done,,
562,hasTitle,है शीर्षक,Done,,
563,hasCountry,देश है,Done,,
564,defaultChoice,डिफ़ॉल्ट विकल्प,Recheck,,
565,has_title,शीर्षक है,Done,,
566,earlyRegistration,जल्दी पंजीकरण,Done,,
567,abstract,सार,Done,,
568,hasSurname,उपनाम है,Done,,
569,hasFirstName,है प्रथम नाम,Done,,
570,has_short_title,संक्षिप्त शीर्षक है,Done,,
571,starts_on,शुरुआत करना,Done,,
572,hasVAT,वैट है,Recheck,,
573,maxChoice,अधिकतम विकल्प,Done,,
574,ends_on,पर समाप्त होता है,Done,,
575,contactEmail,ई - मेल से संपर्क करे,Recheck,,
576,hasKeyword,हैकीवर्ड,,,
577,abstract,सार,Done,,
578,hasFirstName,है प्रथम नाम,Done,,
579,hasEmail,ईमेल है,Recheck,,
580,hasSurname,उपनाम है,Done,,
581,hasStreet,है स्ट्रीट,Recheck,,
582,hasPostalCode,है डाक कोड,Done,,
583,location,स्थान,Done,,
584,remark,टिप्पणी,Done,,
585,earlyRegistration,जल्दी पंजीकरण,Done,,
586,hasHomePage,है होम पेज,Done,,
587,hasFax,है फैक्स,Done,,
588,has_short_title,संक्षिप्त शीर्षक है,Done,,
589,hasPhone,है फ़ोन,Done,,
590,minChoice,न्यूनतम विकल्प,Done,,
591,has_title,शीर्षक है,Done,,
592,hasTitle,है शीर्षक,Done,,
593,starts_on,शुरुआत करना,Done,,
594,hasVAT,वैट है,Recheck,,
595,defaultChoice,डिफ़ॉल्ट विकल्प,Recheck,,
596,maxChoice,अधिकतम विकल्प,Done,,
597,ends_on,पर समाप्त होता है,Done,,
598,follows,इस प्रकार,Recheck,,
599,parallel_with,समानांतर साथ,Done,,
600,author,लेखक,Done,,
601,person,व्यक्ति,Done,,
602,pc_meeting,कार्यक्रम समिति की बैठक,Done,,
603,event,कार्यक्रम,Done,,
604,session,सत्र,Done,,
605,conference,सम्मेलन,Done,,
606,chair,अध्यक्ष,Done,,
607,abstract,सार,Done,,
608,article,लेख,Done,,
609,document,दस्तावेज़,Done,,
610,review,समीक्षा,Done,,
611,participant,प्रतिभागी,Done,,
612,program,कार्यक्रम,Done,,
613,reviewer,समीक्षाक,Done,,
614,program_created_by,द्वारा बनाया गया कार्यक्रम,Done,,
615,creates_program,कार्यक्रम बनाता है,Done,,
616,writes_review,राइट्स_रिव्यू,,,
617,review_written_by,द्वारा लिखी गई समीक्षाएं,Done,,
618,writes_article,राइट्स_आर्टिकल,,,
619,article_written_by,लेख लिखित द्वारा,Done,,
620,has_author,लेखक है,Done,,
621,has_reviewer,समीक्षक है,Done,,
622,submits_to_conference,सबमिट_टू_कॉन्फ्रेंस,,,
623,assigns_article_to_conference,असाइनमेंट आर्टिकल टू कॉन्फ्रेंस,Recheck,,
624,assigns_reviewers_to_article,असाइनमेंट समीक्षक टू आर्टिकल,Recheck,,
625,part_of_article,लेख का हिस्सा,Done,,
626,has_program,प्रोग्राम है,Done,,
627,has_session,सेशन है ,Done,,
628,has_abstract,है सार,Done,,
629,part_of_article,लेख का हिस्सा,Done,,
630,has_abstract,है सार,Done,,
631,has_program,प्रोग्राम है,Done,,
632,has_startdate,शुरू होने की तारीख है,Done,,
633,has_enddate,समाप्ति तिथि है,Done,,
634,has_startdate,शुरू होने की तारीख है,Done,,
635,has_enddate,समाप्ति तिथि है,Done,,
636,SlideSet,स्लाइडसेट,Recheck,,
637,Review,समीक्षा,Done,,
638,Programme,कार्यक्रम,Done,,
639,Paper,शोध पत्र,Done,,
640,MealMenu,भोजन सूची,Done,,
641,Document,दस्तावेज़,Done,,
642,Topic,विषय,Done,,
643,ConferenceEvent,सम्मेलन कार्यक्रम,Done,,
644,Call,बुलाना,Done,,
645,ReviewRating,समीक्षा मूल्यांकन,Done,,
646,Organization,संगठन,Done,,
647,ReviewForm,समीक्षा प्रपत्र,Done,,
648,Conference,सम्मेलन,Done,,
649,PersonalHistory,व्यक्तिगत इतिहास,Done,,
650,Sponsorship,प्रायोजन,Done,,
651,ReviewQuestion,समीक्षा प्रश्न,Done,,
652,Person,व्यक्ति,Done,,
653,Country,देश,Done,,
654,ConferenceSession,सम्मेलन सत्र,Done,,
655,ContactInformation,संपर्क जानकारी,Done,,
656,Place,स्थान,Done,,
657,WeekRejectRating,वीक रिजेक्ट रेटिंग,,,
658,AcceptRating,स्वीकृति रेटिंग,Done,,
659,AccpetIfRoomRating,स्वीकार करें अगर कमरे की रेटिंग,Done,,
660,RejectRating,अस्वीकार मूल्यांकन,Done,,
661,MealEvent,भोजन कार्यक्रम,Done,,
662,NonAcademicEvent,गैर-शैक्षणिक कार्यक्रम,Done,,
663,BreakEvent,विराम कार्यक्रम,Done,,
664,ParallelAndDistributedComputingTopic,समानांतर और वितरित कंप्यूटिंग विषय,Recheck,,
665,WirelessCommunicationsTopic,वायरलेस संचारविषय,,,
666,OperatingTopicsystems,ऑपरेटिंग टॉपिक सिस्टम,Recheck,,
667,ComputerNetworksTopic,कंप्यूटर नेटवर्कविषय,Recheck,,
668,SatelliteAndSpaceCommunicationsTopic,उपग्रह और अंतरिक्ष संचार विषय,Done,,
669,CADTopic,कैडटॉपिक,Recheck,,
670,MultimediaTopic,मल्टीमीडिया विषय,Recheck,,
671,CommunicationsTopic,संचार विषय,Done,,
672,PowerlineTransmissionTopic,पावरलाइन ट्रांसमिशन विषय,Recheck,,
673,AntennasTopic,एंटेनाविषय,Recheck,,
674,PerformanceTopic,प्रदर्शन विषय,Done,,
675,SignalProcessingTopic,सिग्नल प्रोसेसिंग विषय,Recheck,,
676,MicroelectronicsTopic,माइक्रोइलेक्ट्रॉनिकविषय,Recheck,,
677,TestOnlyTopic,टेस्ट ओनली टॉपिक,,,
678,RadioCommunicationsTopic,रेडियो संचार विषय,Done,,
679,ComputerArchitectureTopic,कंप्यूटरवास्तुकलाविषय,Recheck,,
680,MedicineTopic,चिकित्सा विषय,Done,,
681,SecurityTopic,सुरक्षा विषय,Done,,
682,MobileComputingTopic,मोबाइल कंप्यूटिंग विषय,Done,,
683,CryptographyTopic,कूटलेखन विषय,Done,,
684,CommunicationTheoryTopic,संचार सिद्धांत विषय,Done,,
685,ConferenceChair,सम्मेलन अध्यक्ष,Done,,
686,Author,लेखक,Done,,
687,DiningPlace,भोजन स्थान,Done,,
688,Presenter,प्रस्तुतकर्ता,Done,,
689,AcademiaOrganization,अकादमिक संगठन,Recheck,,
690,IndustryOrganization,उद्योग संगठन,Done,,
691,NGO,गैर सरकारी संगठन,Done,,
692,GovernmentOrganization,सरकारी संगठन,Done,,
693,ComputerNetworksEnterpriseTopic,कंप्यूटर नेटवर्क उद्यम विषय,Done,,
694,ComputerNetworksSwitchingTopic,कंप्यूटर नेटवर्कस्विचिंगविषय,Recheck,,
695,ComputerNetworksSensorTopic,कंप्यूटर नेटवर्क सेंसर विषय,Done,,
696,ComputerNetworksSecurityTopic,कंप्यूटर नेटवर्क सुरक्षा विषय,Recheck,,
697,ComputerNetworksOpticalTopic,कंप्यूटर नेटवर्कऑप्टिकलविषय,Recheck,,
698,ComputerNetworksMeasurementsTopic,कंप्यूटर नेटवर्क माप विषय,Recheck,,
699,ComputerNetworksManagementTopic,कंप्यूटर नेटवर्क प्रबंधन विषय,Done,,
700,ComputerNetworksAapplicationsTopic,कंप्यूटर नेटवर्क अनुप्रयोगविषय,Recheck,,
701,ActivePaper,एक्टिव पेपर,Recheck,,
702,PendingPaper,लंबित शोध पत्र,Done,,
703,WithdrawnPaper,वापस लिया गया कागज,,,
704,RejectedPaper,अस्वीकृत कागज,Recheck,,
705,AcceptedPaper,स्वीकृत शोध पत्र,Done,,
706,PublishedPaper,प्रकाशित शोध पत्र,Done,,
707,Attendee,प्रतिभागी,Done,,
708,CoffeeBreak,कॉफी ब्रेक,Done,,
709,FreeTimeBreak,खाली समय ब्रेक,Done,,
710,MealBreak,भोजन हेतु विराम,Done,,
711,Reviewer,समीक्षाक,Done,,
712,ClosingTalk,समापन वार्ता,Done,,
713,WelcomeTalk,स्वागत वार्ता,,,
714,TalkEvent,टॉक कार्यक्रम,,,
715,SessionChair,सत्र अध्यक्ष,Done,,
716,TPCMember,टीपीसीसदस्य,,,
717,TwoLevelConference,दो स्तरीय सम्मेलन,,,
718,CallForPapers,शोध पत्र के लिए बुलावा,Done,,
719,TextualReviewQuestion,पाठ्य समीक्षाप्रश्न,,,
720,NumericalReviewQuestion,संख्यात्मक समीक्षा प्रश्न,Done,,
721,OrganizationalMeeting,संगठनात्मक बैठक,Done,,
722,PaperPresentation,शोध पत्र प्रस्तुति,Done,,
723,Workshop,कार्यशाला,Done,,
724,AcademicEvent,अकादमिक कार्यक्रम,Done,,
725,PersonalPublicationHistory,व्यक्तिगत प्रकाशन इतिहास,Done,,
726,Excursion,भ्रमण,Done,,
727,SocialEvent,सामाजिक कार्यक्रम,Done,,
728,CallForReviews,समीक्षा के लिए निमंत्रण,Done,,
729,PersonalReviewHistory,व्यक्तिगत समीक्षा इतिहास,Done,,
730,ConferenceVenuePlace,सम्मेलन स्थल स्थान,Done,,
731,CallForManuscripts,पांडुलिपियों के लिए कॉल करें,Done,,
732,Reception,स्वागत समारोह,Done,,
733,SingleLevelConference,एकल स्तरीय सम्मेलन,Done,,
734,MeetingRoomPlace,बैठक कक्ष,Done,,
735,AccommodationPlace,आवास स्थान,Done,,
736,RatedPapers,मूल्यांकित शोध पत्र,Done,,
737,TravelGrant,यात्रा अनुदान,Done,,
738,ConferenceDinner,सम्मेलन रात्रिभोज,Done,,
739,isReviewing,समीक्षा कर रहा है,Done,,
740,hasRelatedDocument,है संबंधित दस्तावेज़,Done,,
741,hasMember,है सदस्य,Done,,
742,hasTopic,विषय है,Done,,
743,hasRelatedPaper,संबंधित शोध पत्र है,Done,,
744,isWrittenBy,द्वारा लिखा गया,Done,,
745,isTopicOf,का विषय है,Done,,
746,relatesTo,से संबंधित,Done,,
747,isReviewHistoryOf,समीक्षा का इतिहास है,Done,,
748,hasReviewHistory,है समीक्षा का इतिहास,Done,,
749,belongsToEvent,कार्यक्रम के अंतर्गत आता है,Done,,
750,hasProgramme,कार्यक्रम है,Done,,
751,isProviderOf,प्रदाता है,Done,,
752,providedBy,द्वारा उपलब्ध कराया गया,Done,,
753,attendeeAt,सहभागीAt,,,
754,hasAttendee,उपस्थित है,Recheck,,
755,hasMenu,है मेन्यू,Done,,
756,isMenuOf,मेनूऑफ़ है,,,
757,hasCall,कॉल है,Done,,
758,forEvent,कार्यक्रम के लिए,Done,,
759,relatedToEvent,कार्यक्रम से संबंधित,Done,,
760,relatedToPaper,शोध पत्र से संबंधित,Done,,
761,isMemberOf,सदस्य है,Done,,
762,isLocationOf,का स्थान है,Done,,
763,hasLocation,स्थान है,Done,,
764,isInitiatedBy,आरंभ किया गया है,Done,,
765,initiates,शुरू की,Done,,
766,isReviewedBy,द्वारा समीक्षित किया गया,Done,,
767,hasCountry,देश है,Done,,
768,hasRating,है रेटिंग,Done,,
769,hasCountry,देश है,Done,,
770,hasRating,है रेटिंग,Done,,
771,hasSubmissionInstructions,प्रस्तुत करने के निर्देश,Done,,
772,hasSubmissionDeadline,प्रस्तुत करने की समय सीमा है,Done,,
773,endDate,अंतिम तिथि,Done,,
774,startDate,आरंभ करने की तिथि,Done,,
775,hasName,नाम है,Done,,
776,registrationDueOn,पंजीकरण देय अंतिम तिथि,Done,,
777,manuscriptDueOn,पांडुलिपि देय पर,Recheck,,
778,paperDueOn,शोध पत्र जमा करने की अंतिम तिथि,Done,,
779,hasFirstName,है प्रथम नाम,Done,,
780,hasCostCurrency,लागत मुद्रा है,Done,,
781,hasCity,है शहर,Done,,
782,hasEmail,ईमेल है,Recheck,,
783,hasStreet,है स्ट्रीट,Recheck,,
784,hasEndDateTime,समाप्ति दिनांक समय है,Done,,
785,hasStartDateTime,है प्रारंभ दिनांक समय ,Done,,
786,hasBiography,जीवनी है,Done,,
787,hasLastName,है उपनाम,Done,,
788,hasPostalCode,है डाक कोड,Done,,
789,hasCostAmount,लागत राशि है,Done,,
790,hasPhone,है फ़ोन,Done,,
791,hasSubmissionInstructions,प्रस्तुत करने के निर्देश,Done,,
792,hasSubmissionDeadline,प्रस्तुत करने की समय सीमा है,Done,,
793,Venezuela,वेनेजुएला,Done,,
794,Cuba,क्यूबा,Done,,
795,Japan,जापान,Done,,
796,Senegal,सेनेगल,Done,,
797,Norway,नॉर्वे,Done,,
798,Madagascar,मेडागास्कर,Done,,
799,Iran,ईरान,Done,,
800,USA,अमेरीका,Done,,
801,Latvia,लातविया,Done,,
802,China,चीन,Done,,
803,CocosIslands,कोकोस आइलैंड्स,Recheck,,
804,Uruguay,उरुग्वे,Done,,
805,Ukraine,यूक्रेन,,,
806,Argentina,अर्जेंटीना,Done,,
807,Poland,पोलैंड,Done,,
808,Spain,स्पेन,Done,,
809,Thailand,थाईलैंड,Done,,
810,Turkey,टर्की,Done,,
811,Netherlands,नीदरलैंड,Done,,
812,Azerbaijan,आज़रबाइजान,Done,,
813,Switzerland,स्विट्ज़रलैंड,Done,,
814,Armenia,आर्मीनिया,Done,,
815,Australia,ऑस्ट्रेलिया,Done,,
816,Austria,ऑस्ट्रिया,Done,,
817,Bahamas,बहामा,Done,,
818,Bahrain,बहरीन,Done,,
819,Bangladesh,बांग्लादेश,Done,,
820,Belgium,बेल्जियम,Done,,
821,BosniaAndHerzegovina,बोस्निया और हर्जेगोविना,Done,,
822,Botswana,बोत्सवाना,Done,,
823,Brazil,ब्राज़िल,Done,,
824,Bulgaria,बुल्गारिया,Done,,
825,Belarus,बेलोरूस,Done,,
826,Cambodia,कंबोडिया,Done,,
827,Canada,कनाडा,Done,,
828,Chile,चिली,Done,,
829,DemocraticRepublicOfCongo,कांगो लोकतांत्रिक गणराज्य,Done,,
830,Colombia,कोलंबिया,Done,,
831,Croatia,क्रोएशिया,Done,,
832,Cyprus,साइप्रस,Done,,
833,CzechRepublic,चेक गणतंत्र,Done,,
834,Denmark,डेनमार्क,Done,,
835,Ecuador,इक्वेडोर,Done,,
836,Egypt,मिस्र,Done,,
837,Estonia,एस्तोनिया,Done,,
838,Ethiopia,इथियोपिया,Done,,
839,EuropeanUnion,यूरोपीय संघ,Done,,
840,Finland,फिनलैंड,Done,,
841,France,फ्रांस,Done,,
842,Georgia,जॉर्जिया,Done,,
843,Germany,जर्मनी,Done,,
844,Ghana,घाना,Done,,
845,Greece,यूनान,Done,,
846,HongKong,हांगकांग,Done,,
847,Hungary,हंगरी,Done,,
848,Iceland,आइसलैंड,Done,,
849,India,भारत,Done,,
850,Indonesia,इंडोनेशिया,Done,,
851,Iraq,इराक,Done,,
852,Ireland,आयरलैंड,Done,,
853,Israel,इजराइल,Done,,
854,Italy,इटली,Done,,
855,Jordan,जॉर्डन,Done,,
856,Kenya,केन्या,Done,,
857,Korea,कोरिया,Done,,
858,Kuwait,कुवैट,Done,,
859,Lebanon,लेबनान,Done,,
860,Libya,लीबिया,Done,,
861,Lithuania,लिथुआनिया,Done,,
862,Luxemburg,लक्समबर्ग,Done,,
863,Macao,मकाओ,Done,,
864,Macedonia,मैसेडोनिया,Done,,
865,Malaysia,मलेशिया,Done,,
866,Malta,माल्टा,Done,,
867,Mauritius,मॉरीशस,Done,,
868,Mexico,मेक्सिको,Done,,
869,Mongolia,मंगोलिया,Done,,
870,Morocco,मोरक्को,Done,,
871,Nicaragua,निकारागुआ,Done,,
872,Nepal,नेपाल,Done,,
873,NewZealand,न्यूजीलैंड,Done,,
874,Nigeria,नाइजीरिया,Done,,
875,NorthKorea,उत्तर कोरिया,Done,,
876,Oman,ओमान,Done,,
877,Pakistan,पाकिस्तान,Done,,
878,Paraguay,परागुआ,Done,,
879,Peru,पेरू,Done,,
880,Philippines,फिलीपींस,Done,,
881,Portugal,पुर्तगाल,Done,,
882,PuertoRico,प्यूर्टो रिको,Done,,
883,Qatar,कतर,Done,,
884,Romania,रोमानिया,Done,,
885,Russia,रूस,Done,,
886,SanMarino,सैन मैरीनो,Done,,
887,SaudiArabia,सऊदी अरब,Done,,
888,SerbiaAndMontenegro,सर्बिया और मोंटेनेग्रो,Done,,
889,Singapore,सिंगापुर,Done,,
890,Slovakia,स्लोवाकिया,Done,,
891,Slovenia,स्लोवेनिया,Done,,
892,SouthAfrica,दक्षिण अफ्रीका,Done,,
893,SriLanka,श्री लंका,Done,,
894,Sweden,स्वीडन,Done,,
895,Syria,सीरिया,Done,,
896,Taiwan,ताइवान,Done,,
897,Tajikistan,तजाकिस्तान,Done,,
898,Tanzania,तंजानिया,,,
899,Tunisia,ट्यूनीशिया,Done,,
900,Turkmenistan,तुर्कमेनिस्तान,Done,,
901,UAE,संयुक्त अरब अमीरात,,,
902,Uganda,युगांडा,,,
903,UnitedKingdom,यूनाइटेड किंगडम,,,
904,Vietnam,वियतनाम,,,
905,Yemen,यमन,Done,,
906,Zimbabwe,जिम्बाब्वे,Done,,
907,Event,कार्यक्रम,Done,,
908,Person,व्यक्ति,Done,,
909,Accepted_Paper,स्वीकृत शोध पत्र,Done,,
910,Rejected_Paper,अस्वीकृत कागज,Recheck,,
911,Evaluated_Paper,मूल्यांकन शोध पत्र,Done,,
912,Camera_Ready_Paper,कैमरा तैयार शोध पत्र,Done,,
913,Positive_Review,सकारात्मक समीक्षा,Done,,
914,Workshop_Paper,वर्कशॉप_पेपर,,,
915,Industrial_Paper,औद्योगिक शोध पत्र,Done,,
916,Paper,शोध पत्र,Done,,
917,Conference_Paper,सम्मेलन शोध पत्र,Done,,
918,Industrial_Session,औद्योगिक सत्र,Done,,
919,Conference_Session,सम्मेलन सत्र,Done,,
920,Regular_Session,नियमित सत्र,Done,,
921,Poster_Session,पोस्टर सत्र,Recheck,poster proper translation,
922,Demo_Session,डेमो सत्र,Done,,
923,Session,सत्र,Done,,
924,Abstract,सार,Done,,
925,Document,दस्तावेज़,Done,,
926,Paper_Author,शोध पत्र लेखक,Done,,
927,Conference_Trip,सम्मेलन यात्रा,Done,,
928,Social_Event,सामाजिक कार्यक्रम,Done,,
929,Tutorial_Abstract,ट्यूटोरियल_सार,,,
930,Conference_Participant,सम्मेलन प्रतिभागी,Done,,
931,Submitted_Paper,सबमिट किया गया_पेपर,,,
932,Assigned_Paper,असाइन किया गया_पेपर,Recheck,,
933,Negative_Review,नकारात्मक समीक्षा,Done,,
934,Review,समीक्षा,Done,,
935,Neutral_Review,निष्पक्ष समीक्षा,Done,,
936,Research_Topic,शोध विषय,Done,,
937,Organising_Agency,आयोजन एजेंसी,Recheck,,
938,Academic_Institution,शैक्षणिक संस्थान,Done,,
939,Organisation,संगठन,Done,,
940,Proceedings_Publisher,कार्यवाही प्रकाशक,Done,,
941,Poster_Paper,पोस्टर पत्र,Recheck,poster proper translation,
942,Regular_Paper,नियमित शोध पत्र,Done,,
943,Demo_Paper,डेमो शोध पत्र,Done,,
944,Location,स्थान,Done,,
945,Research_Institute,अनुसंधान संस्थान,Done,,
946,Scientific_Event,वैज्ञानिक कार्यक्रम,Recheck,Event,
947,Invited_Talk_Abstract,आमंत्रित टॉक सार,Recheck,,
948,Agency_Staff_Member,एजेंसी स्टाफ सदस्य,Recheck,,
949,Workshop_Session,कार्यशाला सत्र,Done,,
950,Track,संकरा रास्ता,,,
951,Invited_Talk,आमंत्रित वार्ता,Recheck,,
952,Workshop,कार्यशाला,Done,,
953,Tutorial,ट्यूटोरियल,,,
954,Contributed_Talk,योगदान दिया वार्ता,Done,,
955,Conference,सम्मेलन,Done,,
956,Demo_Chair,डेमो अध्यक्ष,Done,,
957,Tutorial_Chair,ट्यूटोरियल_कुर्सी,,,
958,PC_Chair,कार्यक्रम समिति अध्यक्ष,Done,,
959,PC_Member,कार्यक्रम समिति सदस्य,Done,,
960,OC_Member,ओसी सदस्य,Recheck,,
961,Proceedings,कार्यवाही,Done,,
962,Programme_Brochure,कार्यक्रम विवरणिका,Done,,
963,Flyer,उड़ाका,Recheck,,
964,Web_Site,वेबसाइट,,,
965,Multi-author_Volume,बहु लेखक वॉल्यूम,Recheck,,
966,Individual_Presentation,व्यक्तिगत प्रस्तुति,Done,,
967,OC_Chair,ओसी कुर्सी,Recheck,,
968,Conference_Banquet,सम्मेलन भोज,Done,,
969,Workshop_Chair,कार्यशाला अध्यक्ष,Done,,
970,Conference_Proceedings,सम्मेलन की कार्यवाही,Done,,
971,Session_Chair,सत्र अध्यक्ष,Done,,
972,Early-Registered_Participant,जल्दी पंजीकृत प्रतिभागी,Done,,
973,Late-Registered_Participant,देर से पंजीकृत प्रतिभागी,Done,,
974,University,विश्वविद्यालय,,,
975,Possible_Reviewer,संभव समीक्षक,Done,,
976,Student,विद्यार्थी,Done,,
977,Invited_Speaker,आमंत्रित अध्यक्ष,Done,,
978,Presenter,प्रस्तुतकर्ता,Done,,
979,SC_Member,एससी सदस्य,Recheck,SC,
980,hasReview,है समीक्षा,Done,,
981,writtenBy,द्वारा लिखित,Done,,
982,updatedVersionOf,का अद्यतन संस्करण,Done,,
983,hasReviewer,है समीक्षक,Done,,
984,volumeContainsPaper,वॉल्यूमकंटेन्सपेपर,,,
985,partOfEvent,पार्टऑफइवेंट,Recheck,Translation of event not clear,
986,hasEvent,कार्यक्रम है,Done,,
987,presentationOfPaper,शोध पत्र की प्रस्तुति,Done,,
988,eventOnList,ईवेंटऑनलिस्ट,Recheck,,
989,listsEvent,कार्यक्रम सूची,Done,,
990,inverse_of_partOf_7,उलटा ऑफ पार्टऑफ 7,Recheck,,
991,hasPart,भाग है ,Done,,
992,partOf,का हिस्सा,Done,,
993,references,संदर्भ,Done,,
994,referencedIn,में संदर्भित,Done,,
995,reviewOfPaper,शोध पत्र की समीक्षा,Done,,
996,organisedBy,द्वारा आयोजित,Done,,
997,organises,का आयोजन,Done,,
998,paperPresentedAs,शोध पत्र प्रस्तुत के रूप में,Done,,
999,reviewerOfPaper,शोध पत्र के समीक्षक,Done,,
1000,locationOf,के स्थान,Done,,
1001,heldIn,में आयोजित,Done,,
1002,publisherOf,के प्रकाशक,Done,,
1003,scientificallyOrganises,द्वारा वैज्ञानिक रूप से आयोजित,Done,,
1004,scientificallyOrganisedBy,द्वारा वैज्ञानिक रूप से आयोजित,Done,,
1005,authorOf,के लेखक,Done,,
1006,hasUpdatedVersion,अपडेट किया गयासंस्करण है,Done,,
1007,technicallyOrganisedBy,तकनीकी रूप से संगठित,,,
1008,technicallyOrganises,तकनीकी रूप से संगठित,,,
1009,paperInVolume,पेपरइनवॉल्यूम,Recheck,,
1010,coversTopic,कवरविषय,Recheck,,
1011,topicCoveredBy,विषय द्वारा कवर किया गया,,,
1012,reviewWrittenBy,द्वारा समीक्षा लिखी गई,Done,,
1013,partOfEvent,पार्टऑफइवेंट,Recheck,,
1014,hasPart,भाग है ,Done,,
1015,partOf,का हिस्सा,Done,,
1016,Presenter_house,प्रस्तुतकर्ता घर,Done,,
1017,Building,इमारत,Done,,
1018,Presenter_state,प्रस्तुतकर्ता राज्य,Done,,
1019,Delegate,प्रतिनिधि,Done,,
1020,Presenter_city,प्रस्तुतकर्ता शहर,Done,,
1021,Hotel_registration_form,होटल पंजीकरण प्रपत्र,Done,,
1022,Deadline_hotel_reservation,होटल आरक्षण की समय सीमा,Done,,
1023,Form,प्रपत्र,Done,,
1024,Car,गाड़ी,Done,,
1025,Transport_vehicle,परिवहन वाहन,Done,,
1026,Mailing_list,मेलिंग सूची,Recheck,,
1027,Document,दस्तावेज़,Done,,
1028,Renting,किराए पर,Done,,
1029,Activity_before_conference,सम्मेलन के पहले की गतिविधि,Done,,
1030,Dinner_banquet,रात्रिभोज भोज,Done,,
1031,One_day_presenter,एक दिन प्रस्तुतकर्ता,Done,,
1032,Social_program,सामाजिक कार्यक्रम,Done,,
1033,Activity,गतिविधि,Done,,
1034,Person,व्यक्ति,Done,,
1035,PowerPoint_presentation,पावरप्वाइंट प्रस्तुति,Done,,
1036,Presentation,प्रस्तुति,Done,,
1037,Conference_restaurant,सम्मेलन रेस्तरां,Done,,
1038,Conference_city,सम्मेलन शहर,Done,,
1039,Conference_state,सम्मेलन राज्य,Done,,
1040,Submissions_deadline,जमा करने की अंतिम तारीख,Done,,
1041,Deadline,समयसीमा,Done,,
1042,Simulating,अनुकरण,Done,,
1043,Research,शोध करना,Done,,
1044,Technic_activity,टेक्निक_एक्टिविटी,,,
1045,Conference_activity,सम्मेलन गतिविधि,Done,,
1046,Technical_commitee,तकनीकी_समिति,,,
1047,Place,स्थान,Done,,
1048,Author_cd_proceedings_included,लेखक सीडी कार्यवाही शामिल,Done,,
1049,Author,लेखक,Done,,
1050,Cd_proceening,सीडी प्रसंस्करण,Recheck,,
1051,Trip_day,यात्रा_दिन,,,
1052,Time,समय,Done,,
1053,Record_of_attendance,उपस्थिति का अभिलेख,Done,,
1054,Listener,श्रोता,Done,,
1055,Session_room,सत्र कक्ष,Done,,
1056,Brief_introduction_for_Session_chair,सत्र अध्यक्ष के लिए संक्षिप्त परिचय,Done,,
1057,Session_chair,सत्र अध्यक्ष,Done,,
1058,Invitation_letter,निमंत्रण पत्र,Done,,
1059,Registration_form,पंजीकरण प्रपत्र,Done,,
1060,Viza,विज़ा,Done,,
1061,Registration,पंजीकरण,Done,,
1062,Conference_days,सम्मेलन दिन,Done,,
1063,Conference_building,सम्मेलन भवन,Done,,
1064,Registration_fee,पंजीकरण शुल्क,Done,,
1065,Departure,प्रस्थान,Done,,
1066,Activity_after_conference,सम्मेलन के बाद की गतिविधि,Done,,
1067,Conference_airport,सम्मेलन हवाई अड्डा,Done,,
1068,Worker_lecturer,कार्यकर्ता व्याख्याता,Done,,
1069,Lecturer,व्याख्याता,Done,,
1070,Transparency,पारदर्शिता,Done,,
1071,Speaker,वक्ता,Done,,
1072,City,शहर,Done,,
1073,Card,कार्ड,Recheck,,
1074,Item,वस्तु,Done,,
1075,Author_attendee_book_registration_fee,लेखक सहभागी पुस्तक पंजीकरण शुल्क,Done,,
1076,Book_proceeding,पुस्तक कार्यवाही,Done,,
1077,Video_cassette_player,वीडियो_कैसेट_प्लेयर,,,
1078,Audiovisual_equipment,श्रव्य दृश्य उपकरण,Done,,
1079,Video_presentation,वीडियो_प्रस्तुति,,,
1080,Hotel_room,होटल का कमरा,Done,,
1081,Hotel_presenter,होटल प्रस्तुतकर्ता,Done,,
1082,Conference_hotel,सम्मेलन होटल,Done,,
1083,Money,पैसे,Done,,
1084,State,राज्य,Done,,
1085,Introduction,परिचय,Done,,
1086,Welcome_address,स्वागत सम्बोधन,,,
1087,Value_added_tax,मूल्य वर्धित कर,,,
1088,Tax,कर,Done,,
1089,Refusing_manuscript,इनकार पांडुलिपि,Done,,
1090,Final_manuscript,अंतिम पांडुलिपि,Done,,
1091,Accepting_manuscript,स्वीकार करना_पांडुलिपि,Done,,
1092,Submission,जमा करना,Done,,
1093,Sponsor_city,प्रायोजक शहर,Done,,
1094,Sponsor,प्रायोजक,Done,,
1095,Time_zone,समय क्षेत्र,Done,,
1096,Introduction_of_speaker,वक्ता का परिचय,Done,,
1097,Conference_hall,सम्मेलन हॉल,Done,,
1098,Plenary_lecture,पूर्ण व्याख्यान,Done,,
1099,Lecture,भाषण,Done,,
1100,Plenary_lecture_speaker,पूर्ण व्याख्यान वाक्त,Done,,
1101,LCD_projector,एल सी डी प्रॉजेक्टर,Recheck,,
1102,Deadline_for_notification_of_acceptance,स्वीकृति की अधिसूचना के लिए समय सीमा,Done,,
1103,Tutorial,ट्यूटोरियल,,,
1104,Tutorial_speaker,ट्यूटोरियल_स्पीकर,,,
1105,Session,सत्र,Done,,
1106,Registation_deadline,पंजीकरण समय सीमा,Done,,
1107,Single_hotel_room,सिंगल होटल रूम,Recheck,,
1108,Non_speaker,गैर प्रवक्ता,Done,,
1109,Author_information_form,लेखक सूचना प्रपत्र,Done,,
1110,Nonmember_registration_fee,गैर सदस्य पंजीकरण शुल्क,Done,,
1111,IASTED_non_member,IASTED गैर सदस्य,Recheck,,
1112,Hotel_fee,होटल शुल्क,Done,,
1113,Fee,शुल्क,Done,,
1114,Publication,प्रकाशन,Done,,
1115,Taxi,टैक्सी,,,
1116,Sponsor_state,प्रायोजक राज्य,Done,,
1117,Reviewer,समीक्षाक,Done,,
1118,Review,समीक्षा,Done,,
1119,Modelling,मोडलिंग,Recheck,,
1120,Worker_non_speaker,कार्यकर्ता नॉन स्पीकर,Recheck,,
1121,Nonauthor_registration_fee,गैर लेखक पंजीकरण शुल्क,Done,,
1122,Payment_document,भुगतान दस्तावेज़,Done,,
1123,Camera_ready_manuscript_deadline,कैमरा तैयार पांडुलिपि समय सीमा,Done,,
1124,One_conference_day,एक सम्मेलन दिन,Done,,
1125,Fee_for_extra_trip,अतिरिक्त टिप के लिए शुल्क,Done,,
1126,Full_day_tour,पूरे दिन की दौरा,Done,,
1127,Conference_Hiker,सम्मेलन यात्री,Done,,
1128,Computer,संगणक,Done,,
1129,IASTED_member,IASTED_सदस्य,Recheck,,
1130,Memeber_registration_fee,सदस्य पंजीकरण शुल्क,Done,,
1131,Author_book_proceedings_included,लेखक पुस्तक कार्यवाही शामिल,Done,,
1132,Sponsor_company_house,प्रायोजक कंपनी हाउस,Recheck,,
1133,Sponzorship,प्रायोजन,Done,,
1134,Student_lecturer,छात्र व्याख्याता,Done,,
1135,Trip_city,ट्रिप_सिटी,,,
1136,Cheque,चेक,Done,,
1137,Shuttle_bus,लोकल बस,Done,,
1138,Student_non_speaker,छात्र गैर वक्ता,Done,,
1139,Student_registration_fee,छात्र पंजीकरण शुल्क,Done,,
1140,Author_attendee_cd_registration_fee,लेखक सहभागी सीडी पंजीकरण शुल्क,Done,,
1141,Tip,बख्शीश,,,
1142,Credit_card,क्रेडिट कार्ड,Done,,
1143,Van,वैन,,,
1144,Main_office,मुख्य कार्यालय,Done,,
1145,Presenter_university,प्रस्तुतकर्ता विश्वविद्यालय,Done,,
1146,Departure_tax,प्रस्थान कर,Done,,
1147,Receiving_manuscript,प्राप्ति पांडुलिपि,Done,,
1148,Double_hotel_room,डबल_होटल_रूम,Recheck,,
1149,Initial_manuscipt,प्रारंभिक पांडुलिपि,Done,,
1150,Coffee_break,कॉफी ब्रेक,Done,,
1151,Bank_transfer,बैंक ट्रांसफर,Done,,
1152,Overhead_projector,ओवरहेड प्रोजेक्टर,Recheck,,
1153,Speaker_lecture,वक्ता व्याख्यान,Done,,
1154,Coctail_reception,कॉकटेल रिसेप्शन,Done,,
1155,Currency,मुद्रा,Done,,
1156,is_situated_in,में स्थित है,Done,,
1157,is_occupied_by,इस कब्जे वाले द्वारा,Recheck,,
1158,is_sent_before,के पहले भेजा जाता है,Done,,
1159,is_designed_for,के लिए डिज़ाइन किया गया है,Recheck,,
1160,is_connected_with,के साथ जुड़ा हुआ है,Done,,
1161,is_given_by,द्वारा दिया गया है,Done,,
1162,obtain,प्राप्त,Done,,
1163,is_signed_by,द्वारा हस्ताक्षरित है,Done,,
1164,is_given_to,को दिया जाता है,Done,,
1165,send,भेजना,Done,,
1166,need,जरुरत,Done,,
1167,occupy,पर कब्जा,Recheck,,
1168,go_through,के माध्यम से जाना,Done,,
1169,is_present_in,में मौजूद है,Done,,
1170,pay,भुगतान करना,Done,,
1171,is_prepared_by,द्वारा तैयार किया जाता है,Done,,
1172,is_paid_for,के लिए भुगतान किया जाता है,Done,,
1173,is_visited_by,द्वारा दौरा किया गया है,Done,,
1174,is_held_in,में आयोजित किया जाता है,Done,,
1175,is_sent_by,द्वारा भेजा गया है,Done,,
1176,write,लिखना,Done,,
1177,give,देना,Done,,
1178,is_sent_after,के बाद भेजा जाता है,Done,,
1179,is_used_by,द्वारा प्रयोग किया जाता है,Done,,
1180,is_paid_by,द्वारा भुगतान किया जाता है,Done,,
1181,prepare,तैयार,Done,,
1182,is_present,उपस्थित है,Done,,
1183,is_made_from,से बनाया गया है,Done,,
1184,is_writen_by,द्वारा लिखा गया है,Done,,
1185,is_held_before,के पहले आयोजित किया जाता है,Done,,
1186,is_equipped_by,द्वारा सुसज्जित है,Done,,
1187,speak_in,में बात,Done,,
1188,is_paid_in,में भुगतान किया जाता है,Done,,
1189,sign,संकेत,Done,,
1190,is_needed_for,के लिए आवश्यक है,Done,,
1191,is_held_after,के बाद आयोजित किया जाता है,Done,,
1192,is_paid_with,के साथ भुगतान किया जाता है,Done,,
1193,is_used_for,के लिए प्रयोग किया जाता है,Done,,
1194,is_dated_on,दिनांकित है,Done,,
1195,has_amount_of,की राशि है,Done,,
1196,done_till,तक किया,Done,,
1197,peso,पीईएसओ,Recheck,,
1198,Mexico,मेक्सिको,Done,,
1199,Chichen_Itza,चिचेन इत्जा,Done,,
1200,Cancun,कैनकन,Done,,
1201,hasContent,सामग्री है,Recheck,,
1202,hasContentType,है सामग्री प्रकार,Recheck,,
1203,hasPersonAssigned,व्यक्ति को सौंपा गया है ,Done,,
1204,hasPlace,जगह है,Done,,
1205,hasProgramAssigned,है कार्यक्रम सौंपा गया,Done,,
1206,hasRole,है भूमिका,Done,,
1207,hasRoleInvolved,इसमें भूमिका शामिल है,Done,,
1208,hasRoom,कमरा है,Done,,
1209,hasSession,है सत्र,Done,,
1210,hasSessionChair,है सत्र अध्यक्ष,Done,,
1211,hasSetting,है समायोजन,Done,,
1212,hasSubmissionStatus,है सबमिशन स्थिति,Done,,
1213,hasSubmissionType,है सबमिशन टाइप,Done,,
1214,hasTimeInterval,समय अंतराल है,Done,,
1215,includesSubmission,सबमिशन शामिल है,Done,,
1216,isContentTypeOf,सामग्री प्रकार है,,,
1217,isRegisteredBy,द्वारा पंजीकृत किया गया,Done,,
1218,isReviewed,समीक्षा की गई,Done,,
1219,isRoleInvolvedIn,भूमिका शामिल है,Done,,
1220,isSession,सत्र है,Done,,
1221,isSetBy,द्वारा निर्धारित किया गया है,Done,,
1222,isSettingFor,के लिए समायोजन है,Recheck,,
1223,isStatusSetBy,द्वारा स्थिति निर्धारित है,Done,,
1224,isSubmissionStatusOf,प्रस्तुत करने की स्थिति है,Done,,
1225,isTypeOf,इस प्रकार का,Done,,
1226,registers,रजिस्टरों,Recheck,,
1227,reviews,समीक्षा,Done,,
1228,setsSetting,समायोजन निर्धारित करता है,Done,,
1229,setsStatus,स्थिति निर्धारित करता है,Done,,
1230,hasContent,सामग्री है,Recheck,,
1231,hasPlace,जगह है,Done,,
1232,hasRoom,कमरा है,Done,,
1233,hasSession,है सत्र,Done,,
1234,hasSetting,है समायोजन,Done,,
1235,includesSubmission,सबमिशन शामिल है,Done,,
1236,isSession,सत्र है,Done,,
1237,isSettingFor,के लिए समायोजन है,Recheck,,
1238,isTypeOf,इस प्रकार का,Done,,
1239,registers,रजिस्टरों,Recheck,,
1240,hasAddress,पता है,Recheck,,
1241,hasCapacity,क्षमता है,Done,,
1242,hasConferenceName,है सम्मेलन का नाम,Done,,
1243,hasConferenceSeriesName,सम्मेलन श्रृंखला का नाम है,Done,,
1244,hasEndDate,है समाप्त तिथि,Done,,
1245,hasFirstName,है प्रथम नाम,Done,,
1246,hasHeight,ऊंचाई है,Done,,
1247,hasLength,लंबाई है,Done,,
1248,hasRoomName,है कमरे का नाम,Done,,
1249,hasStartDate,प्रारंभ दिनांक है,Done,,
1250,hasSureName,है उपनाम,Done,,
1251,hasTheme,थीम है,Done,,
1252,hasTitle,है शीर्षक,Done,,
1253,hasWidth,है चौड़ाई,Done,,
1254,Abstract,सार,Done,,
1255,AcceptedSubmission,स्वीकृत सबमिशन,Done,,
1256,AdminRegistered,व्यवस्थापक पंजीकृत,Done,,
1257,Administrator,प्रशासक,Done,,
1258,Applicant,आवेदक,Done,,
1259,Application,आवेदन पत्र,Done,,
1260,Author,लेखक,Done,,
1261,BasicUser,सामान्य उपयोगकर्ता,Done,,
1262,Conference,सम्मेलन,Done,,
1263,ConferenceSession,सम्मेलन सत्र,Done,,
1264,Content,विषय,Done,,
1265,ContentType,सामग्री प्रकार,Done,,
1266,Event,कार्यक्रम,Done,,
1267,FullText,पूर्ण पाठ,Done,,
1268,Panel,मंडली,Recheck,,
1269,PanelModerator,मंडली मध्यस्थ,Recheck,,
1270,Panelist,मंडली सदस्य,Recheck,,
1271,Paper,शोध पत्र,Done,,
1272,Person,व्यक्ति,Done,,
1273,Place,स्थान,Done,,
1274,RegisteredPerson,पंजीकृत व्यक्ति,Done,,
1275,RejectedSubmission,अस्वीकृत सबमिशन,Recheck,,
1276,Reviewer,समीक्षाक,Done,,
1277,Role,भूमिका,Done,,
1278,RoleSettings,भूमिका समायोजन,Done,,
1279,Room,कमरा,Done,,
1280,SelfRegistered,स्व पंजीकृत,Done,,
1281,Session,सत्र,Done,,
1282,SessionChair,सत्र अध्यक्ष,Done,,
1283,Settings,समायोजन,Done,,
1284,Submission,जमा करना,Done,,
1285,SubmissionFeatureSettings,सबमिशन फ़ीचर समायोजन,Recheck,,
1286,SubmissionStatus,जमा करने की स्थिति,Done,,
1287,SubmissionType,जमा करने का प्रकार,Recheck,,
1288,TimeInterval,समय अंतराल,Done,,
1289,UndecidedSubmission,अनिर्णीत सबमिशन,Recheck,,
1290,UnregisteredPerson,अपंजीकृत व्यक्ति,Done,,
1291,Accepted,को स्वीकृत,Done,,
1292,Rejected,अस्वीकृत,Done,,
1293,Undecided,दुविधा में पड़ा हुआ,,,
1294,file,फ़ाइल,Done,,
1295,text,मूलपाठ,Done,,
1296,Accepted,को स्वीकृत,Done,,
1297,Rejected,अस्वीकृत,Done,,
1298,Undecided,दुविधा में पड़ा हुआ,,,
1299,file,फ़ाइल,Done,,
1300,text,मूलपाठ,Done,,
1301,WorkShop,कार्यशाला,Done,,
1302,Activity,गतिविधि,Done,,
1303,OrganizingCommittee,आयोजन समिति,Done,,
1304,Conference,सम्मेलन,Done,,
1305,CommitteeMember,समिति सदस्य,Done,,
1306,ProgramCoChair,कार्यक्रम सह अध्यक्ष,Done,,
1307,Organizer,व्यवस्था करने वाला,Done,,
1308,Topic,विषय,Done,,
1309,PublicationsChair,प्रकाशन अध्यक्ष,Done,,
1310,Person,व्यक्ति,Done,,
1311,OutsideReferee,बाहरी निर्देशी,Done,,
1312,Author,लेखक,Done,,
1313,Lecture,भाषण,Done,,
1314,ActivitySubmissionForm,गतिविधि सबमिशन  प्रपत्र,Done,,
1315,WorkshopTutorialChair,कार्यशाला ट्यूटोरियल चेयर,Recheck,,
1316,Reviewer,समीक्षाक,Done,,
1317,DoubleBlindReview,डबलब्लाइंडसमीक्षा,Recheck,,
1318,TutorialProposal,ट्यूटोरियल प्रस्ताव,,,
1319,Tutorial,ट्यूटोरियल,,,
1320,Location,स्थान,Done,,
1321,RegistrationChair,पंजीकरण अध्यक्ष,Done,,
1322,StudentAdvocate,छात्र अधिवक्ता,Done,,
1323,FinanceChair,वित्त अध्यक्ष,Done,,
1324,QualitatvieLecture,गुणात्मक व्याख्यान,Done,,
1325,TraditionalLecture,पारंपरिक व्याख्यान,,,
1326,PaperSubmissionChair,शोध पत्र प्रस्तुत करने के अध्यक्ष,Done,,
1327,PublicityWebChair,प्रचार वेब अध्यक्ष,Done,,
1328,Paper,शोध पत्र,Done,,
1329,SteeringCommittee,संचालन समिति,Done,,
1330,GeneralCoChair,सामान्य उपाध्याय,Done,,
1331,WorksopProposal,वर्कसोप प्रस्ताव,,,
1332,organizes,आयोजन,Done,,
1333,hasMembers,सदस्य हैं,Done,,
1334,isMemberOf,सदस्य है,Done,,
1335,hasAuthor,है लेखक,Done,,
1336,isSubmittedBy,द्वारा सबमिट किया गया,Done,,
1337,executes,कार्यान्वित,Done,,
1338,appliesTo,पर लागू होता है,Done,,
1339,hasTopic,विषय है,Done,,
1340,isConductedBy,द्वारा संचालित है,Done,,
1341,conflictsWith,के साथ संघर्ष,Done,,
1342,conducts,आयोजित,Done,,
1343,isAuthorOf,के लेखक हैं,Done,,
1344,isOrganizedBy,द्वारा आयोजित किया गया,Done,,
1345,isExecutedBy,द्वारा निष्पादित किया जाता है,Done,,
1346,isIncluded,शामिल है,Done,,
1347,isPartOf,हिस्सा है,Done,,
1348,takesPlace,जगह लेता है,Done,,
1349,Compilers,संकलनकर्ता,Done,,
1350,Microarchitecture,माइक्रोआर्किटेक्चर,Recheck,,
1351,Systems,प्रणाली,Done,,
1352,ForwardLookingIdea,फॉरवर्ड लुकिंग आइडिया,Recheck,,
1353,isPartOf,हिस्सा है,Done,,
1354,appliesTo,पर लागू होता है,Done,,
1355,isOrganizedBy,द्वारा आयोजित किया गया,Done,,
1356,submissionDeadline,जमा करने की अंतिम तारीख,Done,,
1357,hasMail,है मेल,Done,,
1358,annualOrder,वार्षिक आदेश,Done,,
1359,expectedAttendance,अपेक्षित उपस्थिति,Done,,
1360,worksForCompany,कंपनी के लिए काम करता है,Done,,
1361,hasAcronym,संक्षिप्त नाम है,Done,,
1362,ends,समाप्त होता है,Done,,
1363,hasName,नाम है,Done,,
1364,takesPlace,जगह लेता है,Done,,
1365,begins,शुरू करना,Done,,
1366,organizes,आयोजन,Done,,
1367,submissionDeadline,जमा करने की अंतिम तारीख,Done,,
1368,hasMail,है मेल,Done,,
1369,annualOrder,वार्षिक आदेश,Done,,
1370,expectedAttendance,अपेक्षित उपस्थिति,Done,,
1371,worksForCompany,कंपनी के लिए काम करता है,Done,,
1372,hasAcronym,संक्षिप्त नाम है,Done,,
1373,ends,समाप्त होता है,Done,,
1374,hasName,नाम है,Done,,
1375,begins,शुरू करना,Done,,
1376,Reviewer,समीक्षाक,Done,,
1377,ProgramCommitteeMember,कार्यक्रम समिति सदस्य,Done,,
1378,ExternalReviewer,बाहरी समीक्षक,Done,,
1379,Person,व्यक्ति,Done,,
1380,ContactAuthor,संपर्क लेखक,Done,,
1381,Author,लेखक,Done,,
1382,Fee,शुल्क,Done,,
1383,ConferenceProgram,सम्मेलन कार्यक्रम,Done,,
1384,PaperStatus,शोध पत्र स्थिति ,Done,,
1385,Slot,खांचा,Done,,
1386,Session,सत्र,Done,,
1387,ResearchTopic,शोध विषय,Done,,
1388,Question,प्रश्न,Done,,
1389,PaymentMode,भुगतान का प्रकार,Done,,
1390,OutputDocument,आउटपुट दस्तावेज़,Recheck,,
1391,Document,दस्तावेज़,Done,,
1392,Conference,सम्मेलन,Done,,
1393,ProgramCommittee,कार्यक्रम समिति,Done,,
1394,Criterion,मापदंड,Done,,
1395,AcceptedPaper,स्वीकृत शोध पत्र,Done,,
1396,RejectedPaper,अस्वीकृत कागज,Recheck,,
1397,Chair,अध्यक्ष,Done,,
1398,Review,समीक्षा,Done,,
1399,Paper,शोध पत्र,Done,,
1400,ConferenceAttendant,सम्मेलन परिचारक,Done,,
1401,Evaluation,मूल्यांकन,Done,,
1402,PaperAbstract,शोध पत्र सार,Done,,
1403,ReviewQuestion,समीक्षा प्रश्न,Done,,
1404,PaperQuestion,शोध पत्र प्रश्न,Done,,
1405,CD-ROM,सीडी रॉम,Done,,
1406,IndexOfAuthors,इंडेक्सऑफ़ लेखक,Recheck,,
1407,ExternalReviewersList,बाहरी समीक्षकों की सूची,Done,,
1408,Proceedings,कार्यवाही,Done,,
1409,Program,कार्यक्रम,Done,,
1410,PCMembersList,कार्यक्रम समिति सदस्य सूची,Done,,
1411,ListOfAbstracts,सार की सूची,Done,,
1412,BookletOfAbstracts,सार की पुस्तिका,Done,,
1413,Administrator,प्रशासक,Done,,
1414,cooperatesReviewer,समीक्षक का सहयोग करता है,Done,,
1415,isAcceptedBy,द्वारा स्वीकार किया जाता है,Done,,
1416,hasStatus,है स्टेटस,Recheck,,
1417,mustPay,चुकाना है,Recheck,,
1418,hasAuthor,है लेखक,Done,,
1419,hasMainTopic,है मुख्य विषय,Done,,
1420,paperIsSubmittedBy,द्वारा शोध पत्र प्रस्तुत किया गया,Done,,
1421,isAssignedBy,असाइन किया गया है,Recheck,,
1422,hasMember,है सदस्य,Done,,
1423,includes,शामिल,Done,,
1424,isProducedBy,द्वारा उत्पादित किया गया,Done,,
1425,isRejectedBy,द्वारा अस्वीकार किया गया,Done,,
1426,assigns,प्रदान करती है,Recheck,,
1427,submitsPaper,सब्मिट पेपर,,,
1428,rejects,को खारिज कर दिया,Recheck,,
1429,cooperates,सहयोग,Done,,
1430,isAssignedToSession,सत्र के लिए असाइन किया गया है,Done,,
1431,hasAssignedPaper,असाइन किया गया पेपर,Recheck,,
1432,isIncludedIn,में शामिल है,Done,,
1433,produces,का उत्पादन,Done,,
1434,sets,निर्धारित,Done,,
1435,accepts,स्वीकार,Done,,
1436,IsAssignedTo,असाइन किया गया है,Recheck,,
1437,paperIsAssignedTo,शोध पत्र निमन को सौंपा गया,Recheck,,
1438,hasConflictedPaper,विवादित शोध पत्र है,Done,,
1439,hasSecondaryTopic,माध्यमिक विषय है,Done,,
1440,asksForPreference,पसंद के लिए पूछता है,Recheck,,
1441,isMemberOf,सदस्य है,Done,,
1442,writePaper,शोध पत्र लिखें,Done,,
1443,hasPreferredPaper,पसंदीदा शोध पत्र है,Done,,
1444,isStatusOf,की स्थिति है,Done,,
1445,hasPreferredTopic,है पसंदीदा विषय,Done,,
1446,forms,प्रपत्र,Done,,
1447,isAssociatedTo,संबद्ध है,Done,,
1448,hasAbstract,सार है,Done,,
1449,isAbstractOf,का सार है,Done,,
1450,isProgramOf,का कार्यक्रम है,Done,,
1451,isContainedIn,में शामिल है,Done,,
1452,containsEvaluation,मूल्यांकन शामिल है,Done,,
1453,hasChair,अध्यक्ष है,Done,,
1454,rates,दरें,Recheck,Context,
1455,abstractIsSubmittedBy,द्वारा सार प्रस्तुत किया गया,Done,,
1456,isWritenBy,द्वारा लिखा गया,Done,,
1457,consistsOf,के होते हैं,Done,,
1458,writeReview,समीक्षा लिखो,Done,,
1459,isRatedBy,द्वारा मूल्यांकन किया गया,Done,,
1460,isChairOf,की अध्यक्ष है,Done,,
1461,submitsAbstract,प्रस्तुत सार,Done,,
1462,hosts,मेजबान,Done,,
1463,hasEmail,ईमेल है,Recheck,,
1464,isProgramOf,का कार्यक्रम है,Done,,
1465,containsEvaluation,मूल्यांकन शामिल है,Done,,
1466,isWritenBy,द्वारा लिखा गया,Done,,
1467,rates,दरें,Recheck,,
1468,hasAcronym,संक्षिप्त नाम है,Done,,
1469,hasID,आईडी है,Done,,
1470,hasAbstract,सार है,Done,,
1471,isAssociatedTo,संबद्ध है,Done,,
1472,abstractIsSubmittedBy,द्वारा सार प्रस्तुत किया गया,Done,,
1473,forms,प्रपत्र,Done,,
1474,isAbstractOf,का सार है,Done,,
1475,isContainedIn,में शामिल है,Done,,
1476,hasChair,अध्यक्ष है,Done,,
1477,isRatedBy,द्वारा मूल्यांकन किया गया,Done,,
1478,consistsOf,के होते हैं,Done,,
1479,hosts,मेजबान,Done,,
1480,hasAbstract,सार है,Done,,
1481,isAbstractOf,का सार है,Done,,
1482,isProgramOf,का कार्यक्रम है,Done,,
1483,isContainedIn,में शामिल है,Done,,
1484,containsEvaluation,मूल्यांकन शामिल है,Done,,
1485,isChairOf,की अध्यक्ष है,Done,,
1486,submitsAbstract,प्रस्तुत सार,Done,,
1487,writeReview,समीक्षा लिखो,Done,,
1488,Accept,स्वीकार करना,Done,,
1489,Reject,अस्वीकार,Done,,
1490,paid,भुगतान किया है,Recheck,,
1491,hasPhone,है फ़ोन,Done,,
1492,hasAdress,पता है,Recheck,,
1493,beginsAt,से शुरूआत,Done,,
1494,endsAt,खतम होता है,Done,,
1495,date,दिनांक,Done,,
1496,hasName,नाम है,Done,,
1497,hasTitle,है शीर्षक,Done,,
1498,hasWeight,वजन है,Done,,
1499,hasAffiliation,संबद्धता है,,,
1500,hasFirstName,है प्रथम नाम,Done,,
1501,hasLastName,है उपनाम,Done,,
1502,hasPassword,पासवर्ड है,Recheck,,
1503,room,कमरा,Done,,
1504,hasID,आईडी है,Done,,
1505,hasEmail,ईमेल है,Recheck,,
1506,hasAcronym,संक्षिप्त नाम है,Done,,
1507,RFC,आरएफसी,Done,,
1508,Topics,विषय,,,
1509,Classic_Papers,क्लासिक शोध पत्र,Recheck,,
1510,Networking,नेटवर्किंग,Recheck,,
1511,Humour,हास्य,Done,,
1512,Programming,कार्यक्रम निर्माण,Done,,
1513,Computer_Science,कंप्यूटर विज्ञान,Recheck,,
1514,Format,प्रारूप,Done,,
1515,Value_Partition,मूल्य विभाजन,Done,,
1516,Adobe_PDF,एडोब पीडीएफ,Recheck,,
1517,MS_Word,म एस वर्ड,Done,,
1518,Corel_Word_Perfect,कोरल वर्ड उत्तम,Done,,
1519,HTML,एचटीएमएल,Recheck,,
1520,PostScript,पुनश्च,Done,,
1521,RTF,आरटीएफ,Done,,
1522,Text,मूलपाठ,Done,,
1523,High,उच्च,Done,,
1524,Reviewer_Famliliarity,समीक्षक सुपरिचय,Done,,
1525,Low,कम,Done,,
1526,Moderate,संतुलित,Recheck,,
1527,Marginal_Tend_to_Reject,सीमांत अस्वीकार करने की प्रवृत्ति,Done,,
1528,Reccommendation,अनुशंसा,Done,,
1529,Marginal_Tend_to_Accept,सीमांत स्वीकार करने की प्रवृत्ति,Done,,
1530,Portable_Reject,पोर्टेबल अस्वीकार,Recheck,Portable proper translation,
1531,Must_Accept,स्वीकार करना ज़रूरी,Done,,
1532,Clear_Reject,साफ़ अस्वीकार,Done,,
1533,Clear_Accept,साफ़ स्वीकार,Done,,
1534,Program_chair,कार्यक्रम अध्यक्ष,Done,,
1535,Conference_Program,सम्मेलन कार्यक्रम,Done,,
1536,Program_Committee,कार्यक्रम समिति,Done,,
1537,Member,सदस्य,Done,,
1538,Domain_Topic,कार्यक्षेत्र विषय,Done,,
1539,Planed_Paper,नियोजित शोध पत्र,Done,,
1540,Valuable_Confirmation_of_Present_Knowledge,वर्तमान ज्ञान की मूल्यवान पुष्टि,Done,,
1541,Other,अन्य,Done,,
1542,Not_Much,बहुत ज्यादा नहीं,Done,,
1543,New_Information,नई जानकारी,Done,,
1544,New_Perspective_Issue_Problem_Solving,नई परिप्रेक्ष्य समस्या का समाधान करना,Done,,
1545,Clarity_to_Present_Understanding,समझ पेश करने की स्पष्टता,Done,,
1546,Overall_Value,कुल मूल्य,Done,,
1547,Tends_Towards_Theoretical,सैद्धांतिक की ओर जाता है,Done,,
1548,Paper_Categorization,शोध पत्र वर्गीकरण,Done,,
1549,Tends_Towards_Practical,प्रैक्टिकल की ओर जाता है,Recheck,,
1550,Balanced_Theory_and_Practice,संतुलित सिद्धांत और अभ्यास,Done,,
1551,Highly_Theoretical,अत्यधिक सैद्धांतिक,Done,,
1552,Highly_Practical,अत्यधिक व्यावहारिक,Done,,
1553,Reviewed_Paper,समीक्षित शोध पत्र,Done,,
1554,Submitted_Paper,सबमिट किया गया_पेपर,,,
1555,Paper_Review,शोध पत्र समीक्षा,Done,,
1556,Long_bool,लांग_बूल,,,
1557,Paper,शोध पत्र,Done,,
1558,Author,लेखक,Done,,
1559,Review_Values,समीक्षा मूल्य,Done,,
1560,Review_Committee,समीक्षा समिति,Done,,
1561,Committees,समितियों,Done,,
1562,Reviewer,समीक्षाक,Done,,
1563,Paper_File,शोध पत्र फाइल,Recheck,,
1564,Advocate,वकील,Done,,
1565,Advocated_Paper,एडवोकेट पेपर,Recheck,,
1566,Contact_Author,संपर्क लेखक,Done,,
1567,Result_of_Advocate,अधिवक्ता का परिणाम,Done,,
1568,People,लोग,Done,,
1569,has_made_review,समीक्षा की है,Recheck,,
1570,is_member_of,का सदस्य है,Done,,
1571,made_program,बनाया कार्यक्रम,Done,,
1572,Program_made_by,द्वारा बनाया गया कार्यक्रम,Done,,
1573,planned_papers,नियोजित शोध पत्र,Done,,
1574,has_Review,समीक्षा है,Done,,
1575,is_written_by,द्वारा लिखा गया है,Done,,
1576,has_member,है सदस्य,Done,,
1577,is_Type,प्रकार है,Done,,
1578,is_From_Area_of_Interest,रुचि के क्षेत्र से है,Done,,
1579,will_advocate,वकालत करेंगे,Done,,
1580,is_planned_in,में योजना बनाई है,Done,,
1581,has_Result,परिणाम है,Done,,
1582,to_advocate_by,द्वारा वकालत करने के लिए,Done,,
1583,has_Reccommendation,सिफारिश है,Done,,
1584,has_Categorization,वर्गीकरण है,Done,,
1585,has_Overall,कुल मिलाकर है,Recheck,,
1586,is_Candidate_for_Award,पुरस्कार के लिए उम्मीदवार है,Done,,
1587,appropriate_length,उपयुक्त लंबाई,Done,,
1588,Review_made_by,द्वारा समीक्षा करी गई,Done,,
1589,writes_Paper,राइट्स_पेपर,,,
1590,has_been_sent_by,द्वारा भेजा गया है,Done,,
1591,is_stored_in,में संग्रहीत है,Done,,
1592,has_sent,भेजा है,Done,,
1593,Yes,हाँ,Done,,
1594,No,नहीं,Done,,
1595,Unsure,अनिश्चित,Done,,
1596,Accept,स्वीकार करना,Done,,
1597,Reject,अस्वीकार,Done,,
1598,Technical_Area,तकनीकी_क्षेत्र,,,
1599,Areas_of_interest,रुचि के क्षेत्र,Done,,
1600,has_Reccommendation,सिफारिश है,Done,,
1601,Surname,उपनाम,Done,,
1602,UserName,उपयोगकर्ता नाम,Done,,
1603,Name,नाम,Done,,
1604,Paper_Id,शोध पत्र पहचान संख्या,Done,,
1605,Comments_for_Author,लेखक के लिए टिप्पणियाँ,Done,,
1606,Abstract,सार,Done,,
1607,Comments_for_Program_Committee,कार्यक्रम समिति के लिए टिप्पणियाँ,Done,,
1608,Comments_To_Chair,अध्यक्ष के लिए टिप्पणियाँ,Done,,
1609,Web_Address,वेब पता,Done,,
1610,Title,शीर्षक,Done,,
1611,Web_address,वेब पता,Done,,
1612,Password,पासवर्ड,Done,,
1613,Country,देश,Done,,
1614,Telephone,टेलीफ़ोन,,,
1615,E-mail,ईमेल,Recheck,,
1616,Students,छात्र,Done,,
1617,Organisation,संगठन,Done,,
1618,Comments_to_Chair,अध्यक्ष के लिए टिप्पणियाँ,Done,,
1619,Alternate_Email,वैकल्पिक ईमेल,Done,,
1620,Keywords,कीवर्ड,Recheck,,
1621,Other_Areas,अन्य क्षेत्र,Done,,
1622,Abstract,सार,Done,,
1623,Source_Archive,स्रोत संग्रह,Done,,
1624,Poster,पोस्टर,Done,,
1625,Camera_Ready_Copy,कैमरा तैयार कॉपी,Done,,
1626,Paper_File,शोध पत्र फाइल,Recheck,,
1627,Slides,स्लाइड्स,Recheck,,
1628,Contribution_File,योगदान फ़ाइल,Done,,
1629,Discussion,चर्चा,Done,,
1630,PhaseOfConferencePreparation,सम्मेलन की तैयारी का चरण,Done,,
1631,Program_Comitee,कार्यक्रम समिति,Done,,
1632,Review,समीक्षा,Done,,
1633,Contribution,योगदान,Done,,
1634,Conflict_Of_Interest,एक ऐसी स्थिति जिसमें सरकारी अधिकारी का निर्णय उसकी व्यक्तिगत रूचि से प्रभावित हो,Recheck,,
1635,Location,स्थान,Done,,
1636,Conference,सम्मेलन,Done,,
1637,Conflict_Rules,टकराव नियम,Done,,
1638,Topic,विषय,Done,,
1639,Program_Comitee_Meeting,कार्यक्रम समिति की बैठक,Done,,
1640,Person,व्यक्ति,Done,,
1641,Setup_Phase,स्थापित करने का चरण,Done,,
1642,Camera_Ready_Copy_Phase,कैमरा तैयार कॉपी फेज,Done,,
1643,Assignment_Phase,असाइनमेंट चरण,Recheck,,
1644,Blocked_Phase,अवरुद्ध चरण,Done,,
1645,Abstract_And_Paper_Submission_Phase,सार और शोध पत्र प्रस्तुत करने का चरण,Done,,
1646,Invitation_Of_Reviewers_Phase,आमंत्रण ऑफ समीक्षक चरण,Recheck,,
1647,Review_Phase,समीक्षा चरण,Done,,
1648,Closed_Phase,बंद चरण,Done,,
1649,Bidding_Phase,बोली चरण,Done,,
1650,Paper,शोध पत्र,Done,,
1651,Reviewer,समीक्षाक,Done,,
1652,Speaker,वक्ता,Done,,
1653,Program_Comitee_Chair,कार्यक्रम समिति अध्यक्ष,Done,,
1654,Author,लेखक,Done,,
1655,Confirmed_Conflict,पुष्टि संघर्ष,Done,,
1656,Pending_Proposed_Conflict,लंबित प्रस्तावित संघर्ष,Recheck,,
1657,Hidden_Conflict,छुपा संघर्ष,Recheck,,
1658,Deleted_Conflict,हटाए गए संघर्ष,Done,,
1659,Proposed_Conflict,प्रस्तावित_संघर्ष,Recheck,Conflict,
1660,Self_Conflict,आत्म संघर्ष,Done,,
1661,Co-Author,सह-लेखक,Done,,
1662,MainAuthor,मुख्य लेखक,Done,,
1663,Bidding_And_Paper_Submission_Phase,बोली और शोध पत्र जमा करने का चरण,Done,,
1664,Bidding_Without_Paper_Submission_Phase,शोध पत्र प्रस्तुत किए बिना बोली-प्रक्रिया चरण,Done,,
1665,E-mail_PC_Meeting,ई-मेल_पीसी_मीटिंग,Recheck,,
1666,PC_Meeting,कार्यक्रम समिति की बैठक,Done,,
1667,allowRegister,अनुमति रजिस्टर,Recheck,,
1668,allowReview,अनुमति देंसमीक्षा,Done,,
1669,allowSubmitPaper,अनुमति सबमिट पेपर,Recheck,,
1670,allowUploadCRC,अनुमति अपलोड करेंसीआरसी,Recheck,,
1671,allowBid,अनुमति बोली,Recheck,,
1672,isVirtual,आभासी है,Done,,
1673,hasContributionStatus,योगदान स्थिति है,Done,,
1674,hasFirstName,है प्रथम नाम,Done,,
1675,hasAcronym,संक्षिप्त नाम है,Done,,
1676,allow,अनुमति,Done,,
1677,hasPhaseStatus,हैचरण स्थिति,,,
1678,hasLastName,है उपनाम,Done,,
1679,hasEmail,ईमेल है,Recheck,,
1680,isPaperTypeOf,शोध पत्र का प्रकार है,Done,,
1681,isTypeOf,इस प्रकार का,Done,,
1682,hasContributionFileStatus,योगदान फ़ाइल स्थिति है ,Done,,
1683,hasName,नाम है,Done,,
1684,hasStatus,है स्टेटस,Recheck,,
1685,hasBid,है बोली,Done,,
1686,isAuthorTypeOf,लेखक का प्रकार है,Done,,
1687,isInConflictWith,के साथ संघर्ष में है,Done,,
1688,coauthorsWith,सह लेखक के साथ,Done,,
1689,spokenBy,द्वारा बोली जाने वाली,Done,,
1690,contains,शामिल,Done,,
1691,organisedBy,द्वारा आयोजित,Done,,
1692,covers,कवर,Recheck,,
1693,createdBy,के द्वारा बनाई गई,Done,,
1694,relates,संबंधित,Done,,
1695,blockAssigningToReviewer,समीक्षक को खंड सौंपना,Done,,
1696,visibleBy,दृश्यमान,,,
1697,submittedBy,द्वारा प्रस्तुत,,,
1698,speaks,बोलता हे,Done,,
1699,creates,बनाता है,Done,,
1700,managedBy,के द्वारा प्रबंधित,Done,,
1701,coauthorsWith,सह लेखक के साथ,Done,,
1702,hasMembers,सदस्य हैं,Done,,
1703,hasConflictType,है संघर्ष प्रकार,Recheck,,
1704,submits,प्रविष्टियों पर,,,
1705,views,विचारों,,,
1706,memberOf,के सदस्य,Done,,
1707,proposedBy,प्रस्तावना,Done,,
1708,proposes,का प्रस्ताव,Done,,
1709,coveredBy,से ढका हुआ,Done,,
1710,organises,का आयोजन,Done,,
1711,manages,का प्रबंध,Done,,
1712,changedBy,द्वारा बदला गया,Done,,
1713,changes,परिवर्तन,Done,,
1714,rejectedBy,द्वारा अस्वीकृत किया गया,Done,,
1715,refuses,मना कर दिया,Recheck,,
1716,refusedBy,द्वारा मना किया गया,Done,,
1717,finishes,खत्म,Done,,
1718,finishedBy,द्वारा समाप्त,Done,,
1719,assignedBy,द्वारा सौंपा,Done,,
1720,assigns,प्रदान करती है,Recheck,,
1721,registeresTo,को पंजीकृत,Done,,
1722,focusesOn,पर ध्यान देता है,Done,,
1723,reviews,समीक्षा,Done,,
1724,reviewedBy,द्वारा समीक्षित,Done,,
1725,acceptedBy,इसके द्वारा स्वीकृत,Done,,
1726,cooperates,सहयोग,Done,,
1727,conflictViewedBy,द्वारा संघर्ष देखा गया,Done,,
1728,discussedBy,चर्चा,Done,,
1729,discusses,चर्चा,Done,,
1730,bidsFor,के लिए बोलियां,Done,,
1731,conflictProposedBy,द्वारा प्रस्तावित संघर्ष,Done,,
1732,headOf,का प्रधान,Done,,
1733,switches,स्विच,,,
1734,confirmes,पुष्टि करता है,Done,,
1735,starts,प्रारंभ होगा,Done,,
1736,isInConflictWith,के साथ संघर्ष में है,Done,,
1737,assignedToReviewBy,असाइन किया गयासमीक्षाद्वारा,Recheck,,
1738,startedBy,द्वारा शुरू किया गया,Done,,
1739,confirmedBy,पक्का करना,Done,,
1740,judges,न्यायाधीशों,Done,,
1741,takesPlace,जगह लेता है,Done,,
1742,assignedPaperBy,असाइन किया गया पेपरबाय,Recheck,,
1743,accepts,स्वीकार,Done,,
1744,assignsToReview,समीक्षा करने के लिए असाइन करें,Done,,
1745,assignsPaper,असाइन पेपर,Recheck,,
1746,rejects,को खारिज कर दिया,Recheck,,
1747,takesPlace,जगह लेता है,Done,,
1748,judges,न्यायाधीशों,Done,,
1749,rejectedBy,द्वारा अस्वीकृत किया गया,Done,,
1750,finishedBy,द्वारा समाप्त,Done,,
1751,acceptedBy,इसके द्वारा स्वीकृत,Done,,
1752,discussedBy,चर्चा,Done,,
1753,proposedBy,प्रस्तावना,Done,,
1754,refusedBy,द्वारा मना किया गया,Done,,
1755,confirmedBy,पक्का करना,Done,,
1756,startedBy,द्वारा शुरू किया गया,Done,,
1757,hasStatus,है स्टेटस,Recheck,,
1758,hasName,नाम है,Done,,
1759,hasAcronym,संक्षिप्त नाम है,Done,,
1760,isPaperTypeOf,शोध पत्र का प्रकार है,Done,,
1761,allow,अनुमति,Done,,
1762,assignedToReviewBy,असाइन किया गयासमीक्षाद्वारा,Recheck,,
1763,hasBid,है बोली,Done,,
1764,isAuthorTypeOf,लेखक का प्रकार है,Done,,
1765,assignedPaperBy,असाइन किया गया पेपरबाय,Recheck,,
1766,rejects,को खारिज कर दिया,Recheck,,
1767,changes,परिवर्तन,Done,,
1768,refuses,मना कर दिया,Recheck,,
1769,finishes,खत्म,Done,,
1770,accepts,स्वीकार,Done,,
1771,submits,प्रविष्टियों पर,,,
1772,discusses,चर्चा,Done,,
1773,proposes,का प्रस्ताव,Done,,
1774,confirmes,पुष्टि करता है,Done,,
1775,starts,प्रारंभ होगा,Done,,
1776,assignsToReview,समीक्षा करने के लिए असाइन करें,Done,,
1777,assignsPaper,असाइन पेपर,Recheck,,
1778,Programme,कार्यक्रम,Done,,
1779,Conference,सम्मेलन,Done,,
1780,External_Reviewer,बाहरी समीक्षक,Done,,
1781,PERSON,व्यक्ति,Done,,
1782,Review,समीक्षा,Done,,
1783,Accepted_paper,स्वीकृत शोध पत्र,Done,,
1784,Report,प्रतिवेदन,Done,,
1785,Secondary_Reviewer,माध्यमिक समीक्षक,Done,,
1786,CommitteeMember,समिति सदस्य,Done,,
1787,DOCUMENT,दस्तावेज़,Done,,
1788,Email,ईमेल,Recheck,,
1789,ConferenceMember,सम्मेलन सदस्य,Done,,
1790,Information,जानकारी,Done,,
1791,Administrator,प्रशासक,Done,,
1792,Electronic_proceeding,इलेक्ट्रॉनिक कार्यवाही,Done,,
1793,System,व्यवस्था,Done,,
1794,CD,सीडी,Done,,
1795,Paper,शोध पत्र,Done,,
1796,Invitation,आमंत्रण,Done,,
1797,Web_site,वेबसाइट,,,
1798,Rejected_paper,अस्वीकृत कागज,Recheck,,
1799,Author,लेखक,Done,,
1800,Primary_Reviewer,प्राथमिक समीक्षक,Done,,
1801,write_review,समीक्षा लिखो,Done,,
1802,read_paper,शोध पत्र पढ़ें,Done,,
1803,rate_paper,दर शोध पत्र,Done,,
1804,write_paper,राइट_पेपर,,,
1805,accept,स्वीकार करना,Done,,
1806,submited_by,प्रस्तुत_द्वारा,,,
1807,reject_paper,अस्वीकार कागज,Recheck,,
1808,written_paper_by,लिखित_कागज_द्वारा,,,
1809,submit,प्रस्तुत,Done,,
1810,generate,उत्पन्न करना,Done,,
1811,send,भेजना,Done,,
1812,get,प्राप्त,Done,,
1813,loggin_in,प्रवेश किया,Done,,
1814,assign_review,असाइन रिव्यू,Recheck,,
1815,sended_by,द्वारा भेजा गया,Done,,
1816,read_paper_by,द्वारा शोध पत्र पढ़ें,Done,,
1817,assigned_review_by,नियत समीक्षा द्वारा,Done,,
1818,has_conference_member,सम्मेलन सदस्य है,Done,,
1819,member_of_conference,सम्मेलन के सदस्य,Done,,
1820,submited_by,प्रस्तुत_द्वारा,,,
1821,generated_by,द्वारा उत्पन्न,Done,,
1822,rateed_paper_by,द्वारा मूल्यांकित शोध पत्र,Done,,
1823,reject_paper,अस्वीकार कागज,Recheck,,
1824,rejected_paper_by,अस्वीकृत कागज द्वारा,Recheck,,
1825,accepted_by,इसके द्वारा स्वीकृत,Done,,
1826,written_paper_by,लिखित_कागज_द्वारा,,,
1827,written_review_by,लिखित_समीक्षा_द्वारा,,,
1828,accept,स्वीकार करना,Done,,
1829,write_review,समीक्षा लिखो,Done,,
1830,write_paper,राइट_पेपर,,,
1831,rate_paper,दर शोध पत्र,Done,,
1832,read_paper,शोध पत्र पढ़ें,Done,,
1833,read_paper_by,द्वारा शोध पत्र पढ़ें,Done,,
1834,submit,प्रस्तुत,Done,,
1835,rateed_paper_by,द्वारा मूल्यांकित शोध पत्र,Done,,
1836,rejected_paper_by,अस्वीकृत कागज द्वारा,Recheck,,
1837,NAME,नाम,Done,,
1838,accepted_by,इसके द्वारा स्वीकृत,Done,,
1839,written_paper_by,लिखित_कागज_द्वारा,,,
1840,written_review_by,लिखित_समीक्षा_द्वारा,,,
1841,Date,दिनांक,Done,,
1842,WebSite,वेबसाइट,,,
1843,Title,शीर्षक,Done,,
1844,User_ID,यूज़र आईडी,,,
1845,Topic_of_conference,विषय_का_सम्मेलन,,,
1846,Receiver_of_email,रिसीवर ऑफ ईमेल,Recheck,,
1847,Message_of_email,ईमेल का संदेश,Done,,
1848,Subject_of_email,विषय_ऑफ_ईमेल,Recheck,,
1849,E-mail,ईमेल,Recheck,,
1850,Password,पासवर्ड,Done,,
1851,NAME,नाम,Done,,
1852,Score,अंक,Done,,
1853,Document_ID,दस्तावेज़ आईडी,Done,,
1854,Summary,सारांश,,,
1855,Date,दिनांक,Done,,
1856,Hotel,होटल,Done,,
1857,Place,स्थान,Done,,
1858,Abstract,सार,Done,,
1859,Document,दस्तावेज़,Done,,
1860,Deadline_Abstract_Submission,सार प्रस्तुत करने की समय सीमा,Done,,
1861,Best_Applications_Paper_Award,श्रेष्ठ अनुप्रयोग शोध पत्र पुरस्कार,Done,,
1862,Award,पुरस्कार,Done,,
1863,Deadline_Paper_Submission,शोध पत्र जमा करने की समय सीमा,Done,,
1864,Deadline,समयसीमा,Done,,
1865,Deadline_Author_notification,लेखक अधिसूचना समय सीमा,Done,,
1866,Webmaster,वेबमास्टर,,,
1867,Organizator,आयोजक,Done,,
1868,Author_of_paper_student,लेखक ऑफ पेपर छात्र,Recheck,,
1869,Best_Student_Paper_Award,बेस्ट स्टूडेंट शोध पत्र अवार्ड,Done,,
1870,Author,लेखक,Done,,
1871,ACM_SIGKDD,एसीएम एसआईजीकेडीडी,Done,,
1872,Conference,सम्मेलन,Done,,
1873,Sponzor,प्रायोजक,Done,,
1874,Exhibitor,प्रदर्शक,Done,,
1875,Registration_SIGMOD_Member,पंजीकरण SIGKDD सदस्य,Recheck,,
1876,Registration_fee,पंजीकरण शुल्क,Done,,
1877,Person,व्यक्ति,Done,,
1878,Bronze_Supporter,कांस्य समर्थक,Done,,
1879,Committee,समिति,Done,,
1880,Platinum_Supporter,प्लेटिनम समर्थक,Done,,
1881,Conference_hall,सम्मेलन हॉल,Done,,
1882,Best_Paper_Awards_Committee,श्रेष्ठ शोध पत्र पुरस्कार समिति,Done,,
1883,Program_Chair,कार्यक्रम अध्यक्ष,Done,,
1884,Main_office,मुख्य कार्यालय,Done,,
1885,Registration_Non-Member,गैर सदस्य पंजीकरण,Done,,
1886,Fee,शुल्क,Done,,
1887,Review,समीक्षा,Done,,
1888,Sponzor_fee,प्रायोजक शुल्क,Done,,
1889,Registration_SIGKDD_Member,पंजीकरण SIGKDD सदस्य,Recheck,SIGKDD,
1890,Program_Committee,कार्यक्रम समिति,Done,,
1891,General_Chair,सामान्य अध्याक्ष,Done,,
1892,Speaker,वक्ता,Done,,
1893,Gold_Supporter,गोल्ड सपोर्टर,Done,,
1894,Registration_Student,पंजीकरण छात्र,Done,,
1895,Organizing_Committee,आयोजन समिति,Done,,
1896,Listener,श्रोता,Done,,
1897,Program_Committee_member,कार्यक्रम समिति सदस्य,Done,,
1898,Invited_Speaker,आमंत्रित अध्यक्ष,Done,,
1899,Best_Research_Paper_Award,श्रेष्ठ अनुसंधान शोध पत्र पुरस्कार,Done,,
1900,Best_Student_Paper_Supporter,श्रेष्ठ छात्र शोध पत्र समर्थक,Done,,
1901,Paper,शोध पत्र,Done,,
1902,Silver_Supporter,रजत समर्थक,Done,,
1903,Organizing_Committee_member,आयोजन समिति सदस्य,Done,,
1904,Author_of_paper,शोध पत्र के लेखक,Done,,
1905,submit_until,तब तक जमा करें,Done,,
1906,award,पुरस्कार,Done,,
1907,design,डिजाईन,Done,,
1908,hold,पकड़,Done,,
1909,search,खोज,Done,,
1910,pay,भुगतान करना,Done,,
1911,can_stay_in,में रह सकते हैं,Done,,
1912,awarded_by,द्वारा सम्मानित किया गया,Done,,
1913,presentation,प्रस्तुति,Done,,
1914,submit,प्रस्तुत,Done,,
1915,notification_until,अधिसूचना तक,Done,,
1916,payed_by,द्वारा भुगतान किया गया,Done,,
1917,holded_by,द्वारा धारण किया गया,Done,,
1918,obtain,प्राप्त,Done,,
1919,designed_by,द्वारा डिज़ाइन किया गया,Done,,
1920,presentationed_by,द्वारा प्रस्तुत,Done,,
1921,searched_by,द्वारा खोजा गया,Done,,
1922,Price,कीमत,Done,,
1923,Name_of_conference,सम्मेलन का नाम,Done,,
1924,Nation,राष्ट्र,Done,,
1925,Name,नाम,Done,,
1926,Currency,मुद्रा,Done,,
1927,Name_of_sponsor,प्रायोजक का नाम,Done,,
1928,Start_of_conference,सम्मेलन की शुरुआत,Done,,
1929,E-mail,ईमेल,Recheck,,
1930,Date,दिनांक,Done,,
1931,City_of_conference,सम्मेलन का शहर,Done,,
1932,End_of_conference,सम्मेलन का अंत,Done,,
